Terminals unused in grammar

   QUOTE
   SHA256
   SHAKE256


Rules useless in parser due to conflicts

    7 bifoptions: INCLUDE COLON filename

    8 $@2: /* empty */


State 5 conflicts: 1 reduce/reduce
State 12 conflicts: 3 reduce/reduce
State 17 conflicts: 39 shift/reduce
State 18 conflicts: 39 shift/reduce
State 21 conflicts: 1 shift/reduce
State 39 conflicts: 1 reduce/reduce
State 58 conflicts: 1 shift/reduce
State 61 conflicts: 4 shift/reduce
State 87 conflicts: 4 shift/reduce
State 214 conflicts: 16 shift/reduce
State 339 conflicts: 17 shift/reduce
State 360 conflicts: 17 shift/reduce, 1 reduce/reduce
State 384 conflicts: 1 shift/reduce
State 396 conflicts: 72 reduce/reduce
State 398 conflicts: 72 reduce/reduce
State 483 conflicts: 12 shift/reduce
State 503 conflicts: 16 shift/reduce
State 521 conflicts: 1 shift/reduce
State 528 conflicts: 1 shift/reduce
State 534 conflicts: 1 shift/reduce


Grammar

    0 $accept: bif $end

    1 bif: group_list

    2 group_list: /* empty */
    3           | group_list bifoptions

    4 bifoptions: INCLUDE COLON filename

    5 $@1: /* empty */

    6 bifoptions: WORD $@1 COLON OBRACE file_list EBRACE
    7           | INCLUDE COLON filename

    8 $@2: /* empty */

    9 bifoptions: WORD $@2 COLON OBRACE file_list EBRACE

   10 file_list: /* empty */
   11          | file_list file_spec
   12          | file_list other_spec
   13          | file_list image_spec
   14          | file_list metahdr_spec
   15          | file_list new_pdi_spec
   16          | file_list new_file_spec
   17          | file_list partition_spec

   18 $@3: /* empty */

   19 metahdr_spec: METAHEADER OBRACE $@3 metahdr_attr_list EBRACE

   20 metahdr_attr_list: metahdr_attr
   21                  | metahdr_attr COMMA metahdr_attr_list
   22                  | metahdr_attr metahdr_attr_list

   23 metahdr_attr: /* empty */
   24             | ENCRYPTION EQUAL encrvalue
   25             | KEYSRC_ENCRYPTION EQUAL key_src
   26             | AES_KEY_FILE EQUAL filename
   27             | AUTHENTICATION EQUAL authvalue
   28             | PPK_FILE EQUAL filename
   29             | PSK_FILE EQUAL filename
   30             | SPK_FILE EQUAL filename
   31             | SSK_FILE EQUAL filename
   32             | SPK_SIGNATURE_FILE EQUAL filename
   33             | PRESIGN EQUAL filename
   34             | REVOKE_ID EQUAL expression
   35             | SPK_REVOKE_ID EQUAL expression
   36             | CHECKSUM EQUAL checkvalue
   37             | DPA_CM
   38             | BLOCKS EQUAL metahdr_blk
   39             | PUFHD_LOC

   40 optional_data: optional_data_attr
   41              | optional_data_attr SEMICOLON optional_data

   42 optional_data_attr: filename COMMA ID EQUAL expression
   43                   | /* empty */

   44 metahdr_blk: metahdr_blk_attr
   45            | metahdr_blk_attr SEMICOLON metahdr_blk

   46 metahdr_blk_attr: expression
   47                 | expression LPAREN expression RPAREN
   48                 | expression LPAREN ASTERISK RPAREN

   49 new_pdi_spec: ID EQUAL expression
   50             | PARENT_ID EQUAL expression
   51             | ID_CODE EQUAL expression
   52             | EXT_ID_CODE EQUAL expression
   53             | other_file_attr EQUAL filename
   54             | KEYSRC_ENCRYPTION EQUAL key_src
   55             | PARTITION_TYPE EQUAL ptypevalue
   56             | REVOKE_ID EQUAL expression

   57 image_spec: image_list
   58           | image_spec image_list

   59 $@4: /* empty */

   60 image_list: IMAGE OBRACE $@4 image_content EBRACE

   61 image_content: /* empty */
   62              | image_content image_attributes_list
   63              | image_content file_spec
   64              | image_content partition_spec

   65 image_attributes_list: image_attributes
   66                      | image_attributes COMMA image_attributes_list
   67                      | image_attributes image_attributes_list

   68 image_attributes: ID EQUAL expression
   69                 | NAME EQUAL WORD
   70                 | DELAY_HANDOFF
   71                 | DELAY_LOAD
   72                 | INIT
   73                 | COPY EQUAL expression
   74                 | PARTITION_TYPE EQUAL ptypevalue
   75                 | UNIQUE_ID EQUAL expression
   76                 | PARENT_UNIQUE_ID EQUAL expression
   77                 | FUNCTION_ID EQUAL expression
   78                 | PCR_NUMBER EQUAL expression
   79                 | PCR_MEASUREMENT_INDEX EQUAL expression

   80 partition_spec: PARTITION partition_content
   81               | partition_content

   82 partition_content: /* empty */
   83                  | partition_content file_spec
   84                  | partition_content new_file_spec

   85 other_spec: OBRACKET KEYSRC_ENCRYPTION EBRACKET key_src

   86 $@5: /* empty */

   87 other_spec: OBRACKET FSBL_CONFIG $@5 EBRACKET fsbl_attr_list
   88           | FSBL_CONFIG OBRACE fsbl_attr_list EBRACE
   89           | BOOT_DEVICE OBRACE sec_boot_attr_list EBRACE
   90           | OBRACKET BOOT_DEVICE EBRACKET boot_device_type
   91           | BOOT_DEVICE EQUAL boot_device_type
   92           | OBRACKET AUTH_PARAMS EBRACKET auth_parameters
   93           | OBRACKET SPLIT EBRACKET split_options
   94           | OBRACKET BOOTVECTORS EBRACKET bootvectors_list
   95           | AUTHJTAG_CONFIG OBRACE authjtag_attr_list EBRACE
   96           | OPTIONAL_DATA OBRACE optional_data EBRACE
   97           | LMS_KEY_PARAMS OBRACE lms_params_list EBRACE
   98           | LMS_KEY_PARAMS OBRACE lms_params_string_list EBRACE
   99           | LMS_KEY_PARAMS OBRACE lms_params_string_type_list EBRACE

  100 sec_boot_attr_list: sec_boot_attr
  101                   | sec_boot_attr COMMA sec_boot_attr_list

  102 sec_boot_attr: boot_device_type
  103              | IMAGE_STORE
  104              | ADDRESS EQUAL expression

  105 fsbl_attr_list: fsbl_attr
  106               | fsbl_attr COMMA fsbl_attr_list
  107               | fsbl_attr fsbl_attr_list

  108 authjtag_attr_list: authjtag_attr
  109                   | authjtag_attr COMMA authjtag_attr_list
  110                   | authjtag_attr authjtag_attr_list

  111 authjtag_attr: REVOKE_ID EQUAL expression
  112              | SPK_REVOKE_ID EQUAL expression
  113              | DEVICE_DNA EQUAL HEXWORD
  114              | JTAG_TIMEOUT EQUAL expression
  115              | AUTHJTAG_SIGN EQUAL filename

  116 fsbl_attr: core
  117          | bh_rsa
  118          | auth_hash
  119          | int_hash
  120          | pufhd_loc
  121          | auth_only
  122          | opt_key
  123          | PUF4KMODE
  124          | SHUTTER EQUAL expression
  125          | dpa_cm
  126          | SMAP_WIDTH EQUAL expression
  127          | BYPASS_IDCODE_CHECK
  128          | A_HWROT
  129          | S_HWROT
  130          | PUFROSWAP EQUAL expression
  131          | DICE

  132 $@6: /* empty */

  133 file_spec: OBRACKET $@6 attribute_list EBRACKET filename
  134          | filename

  135 $@7: /* empty */

  136 new_file_spec: OBRACE $@7 new_attribute_list EBRACE

  137 new_attribute_list: attribute
  138                   | new_attribute
  139                   | new_attribute COMMA new_attribute_list
  140                   | attribute COMMA new_attribute_list
  141                   | new_attribute new_attribute_list
  142                   | attribute new_attribute_list

  143 new_attribute: PFILE EQUAL filename
  144              | ID EQUAL expression
  145              | IMAGE_STORE EQUAL expression
  146              | PARTITION_TYPE EQUAL boolattr
  147              | PARTITION_TYPE EQUAL PMCDATA
  148              | BIF_SECTION EQUAL WORD

  149 attribute_list: attribute
  150               | attribute COMMA attribute_list

  151 attribute: boolattr
  152          | optattr
  153          | numattr
  154          | fileattr
  155          | blocksattr_list

  156 blocksattr_list: BLOCKS EQUAL blocksattr
  157                | AUTHBLOCKS EQUAL authblockattr

  158 blocksattr: blockattr
  159           | blockattr SEMICOLON blocksattr

  160 bootvectors_list: bootvector
  161                 | bootvector COMMA bootvectors_list

  162 bootvector: expression

  163 authblockattr: expression

  164 boolattr: BOOTLOADER
  165         | BOOT
  166         | USER
  167         | STATIC
  168         | NOAUTOSTART
  169         | MULTIBOOT
  170         | PROTECTED
  171         | EARLY_HANDOFF
  172         | HIVEC
  173         | XIP_MODE
  174         | INIT
  175         | BOOTIMAGE
  176         | key_file
  177         | other_files
  178         | ptypevalue
  179         | LOCKSTEP

  180 trustzone_type: TRUSTZONE
  181               | TRUSTZONE EQUAL TRUSTZONE_TYPE

  182 blockattr: expression
  183          | expression LPAREN expression RPAREN
  184          | expression LPAREN ASTERISK RPAREN

  185 optattr: AUTHENTICATION EQUAL authvalue
  186        | ENCRYPTION EQUAL encrvalue
  187        | CHECKSUM EQUAL checkvalue
  188        | PARTITION_OWNER EQUAL pownervalue
  189        | DEST_CPU EQUAL dest_cpu_type
  190        | DEST_DEVICE EQUAL dest_device_type
  191        | EXCEPTION_LEVEL EQUAL exception_level_type
  192        | AES_KEY_FILE EQUAL filename
  193        | PPK_FILE EQUAL filename
  194        | PSK_FILE EQUAL filename
  195        | SPK_FILE EQUAL filename
  196        | SSK_FILE EQUAL filename
  197        | SPK_SELECT EQUAL spkselect
  198        | SPK_ID EQUAL expression
  199        | SPK_SIGNATURE_FILE EQUAL filename
  200        | trustzone_type
  201        | PARTITION_TYPE EQUAL ptypevalue
  202        | KEYSRC_ENCRYPTION EQUAL key_src
  203        | REVOKE_ID EQUAL expression
  204        | SPK_REVOKE_ID EQUAL expression
  205        | DPA_CM
  206        | SLR_NUM EQUAL expression
  207        | CLUSTER_NUM EQUAL expression
  208        | PUFHD_LOC
  209        | DELAY_AUTH
  210        | TCM_BOOT

  211 other_file_attr: INIT
  212                | key_file
  213                | BH_KEK_IV
  214                | BH_KEY_IV
  215                | BBRAM_KEK_IV
  216                | EFUSE_KEK_IV
  217                | EFUSE_USER_KEK0_IV
  218                | EFUSE_USER_KEK1_IV
  219                | USER_KEYS

  220 authvalue: NONE
  221          | AUTHVALUE

  222 encrvalue: NONE
  223          | ENCRVALUE

  224 checkvalue: NONE
  225           | CHECKSUMVALUE

  226 pownervalue: POWNERVALUE

  227 ptypevalue: PTYPEVALUE

  228 key_src: KEY_SRC

  229 core: CORE

  230 bh_rsa: BH_RSA

  231 dpa_cm: DPA_CM

  232 auth_hash: AUTH_HASH

  233 int_hash: INT_HASH

  234 pufhd_loc: PUFHD_LOC

  235 opt_key: OPT_KEY

  236 auth_only: AUTH_ONLY

  237 boot_device_type: BOOT_DEVICE_TYPE

  238 dest_cpu_type: DEST_CPU_TYPE

  239 dest_device_type: DEST_DEVICE_TYPE

  240 exception_level_type: EXCEPTION_LEVEL_TYPE

  241 numattr: ALIGNMENT EQUAL expression
  242        | OFFSET EQUAL expression
  243        | RESERVE_LEGACY EQUAL expression
  244        | RESERVE EQUAL expression
  245        | LOAD EQUAL expression
  246        | STARTUP EQUAL expression
  247        | BIGENDIAN
  248        | A32_MODE
  249        | PARTITION_NUM EQUAL expression
  250        | TCM_A_REGION EQUAL expression
  251        | TCM_B_REGION EQUAL expression
  252        | TCM_C_REGION EQUAL expression

  253 fileattr: PRESIGN EQUAL filename
  254         | AC EQUAL filename
  255         | UDF_DATA EQUAL filename

  256 key_file: AES_KEY_FILE
  257         | rsa_key_file
  258         | SPK_SIGNATURE_FILE
  259         | BH_SIGNATURE_FILE
  260         | HEADER_SIGNATURE_FILE
  261         | BH_KEY_FILE
  262         | PUF_HELPER_FILE
  263         | BH_KEY_IV
  264         | FAMILY_KEY

  265 rsa_key_file: PPK_FILE
  266             | PSK_FILE
  267             | SPK_FILE
  268             | SSK_FILE

  269 other_files: PMUFW_IMAGE
  270            | PMCDATA
  271            | UDF_BH

  272 auth_parameters: PPK_SELECT EQUAL expression
  273                | SPK_SELECT EQUAL spkselect
  274                | SPK_ID EQUAL expression
  275                | HEADER_AUTH
  276                | auth_parameters SEMICOLON auth_parameters

  277 spkselect: SPKSELECT

  278 lms_params_list: lms_params_attr
  279                | lms_params_attr SEMICOLON lms_params_attr

  280 lms_params_attr: LMS_HASH EQUAL hashfunc
  281                | LMS_W EQUAL expression
  282                | LMS_H EQUAL expression

  283 hashfunc: HASH_FUNCTION

  284 lms_params_string_list: WORD
  285                       | lms_params_string_list COMMA lms_params_string_list

  286 $@8: /* empty */

  287 lms_params_string_type_list: AUTH_KEY_LEVEL OBRACE $@8 lms_params_string_list EBRACE
  288                            | lms_params_string_type_list lms_params_string_type_list

  289 split_options: SPLIT_MODE EQUAL splitmode
  290              | SPLIT_FMT EQUAL splitfmt
  291              | split_options COMMA split_options

  292 splitmode: SPLITMODE

  293 splitfmt: MCS
  294         | BIN

  295 filename: FILENAME
  296         | QFILENAME

  297 number: HEXVALUE
  298       | DECVALUE
  299       | LPAREN expression RPAREN

  300 unary_expression: number
  301                 | PLUS unary_expression
  302                 | NEGATION unary_expression

  303 multiplicative_expression: unary_expression
  304                          | multiplicative_expression MULT unary_expression
  305                          | multiplicative_expression DIVIDE unary_expression
  306                          | multiplicative_expression MODULO unary_expression

  307 additive_expression: multiplicative_expression
  308                    | additive_expression PLUS multiplicative_expression
  309                    | additive_expression MINUS multiplicative_expression

  310 shift_expression: additive_expression
  311                 | shift_expression LSHIFT additive_expression
  312                 | shift_expression RSHIFT additive_expression

  313 and_expression: shift_expression
  314               | and_expression AND shift_expression

  315 xor_expression: and_expression
  316               | xor_expression XOR and_expression

  317 expression: xor_expression
  318           | expression OR xor_expression


Terminals, with rules where they appear

$end (0) 0
error (256)
OBRACE (258) 6 9 19 60 88 89 95 96 97 98 99 136 287
EBRACE (259) 6 9 19 60 88 89 95 96 97 98 99 136 287
COMMA (260) 21 42 66 101 106 109 139 140 150 161 285 291
EQUAL (261) 24 25 26 27 28 29 30 31 32 33 34 35 36 38 42 49 50 51 52
    53 54 55 56 68 69 73 74 75 76 77 78 79 91 104 111 112 113 114 115
    124 126 130 143 144 145 146 147 148 156 157 181 185 186 187 188
    189 190 191 192 193 194 195 196 197 198 199 201 202 203 204 206
    207 241 242 243 244 245 246 249 250 251 252 253 254 255 272 273
    274 280 281 282 289 290
COLON (262) 4 6 7 9
QUOTE (263)
SEMICOLON (264) 41 45 159 276 279
OBRACKET (265) 85 87 90 92 93 94 133
EBRACKET (266) 85 87 90 92 93 94 133
BOOTLOADER (267) 164
XIP_MODE (268) 173
EARLY_HANDOFF (269) 171
HIVEC (270) 172
LOCKSTEP (271) 179
AUTHENTICATION (272) 27 185
ENCRYPTION (273) 24 186
CHECKSUM (274) 36 187
PARTITION_OWNER (275) 188
PARTITION_TYPE (276) 55 74 146 147 201
PARTITION_NUM (277) 249
BOOT_DEVICE (278) 89 90 91
DEST_DEVICE (279) 190
DEST_CPU (280) 189
ADDRESS (281) 104
EXCEPTION_LEVEL (282) 191
TRUSTZONE (283) 180 181
ALIGNMENT (284) 241
OFFSET (285) 242
RESERVE_LEGACY (286) 243
RESERVE (287) 244
LOAD (288) 245
STARTUP (289) 246
BIGENDIAN (290) 247
A32_MODE (291) 248
PPK_SELECT (292) 272
SPK_ID (293) 198 274
SPK_SELECT (294) 197 273
HEADER_AUTH (295) 275
REVOKE_ID (296) 34 56 111 203
SPK_REVOKE_ID (297) 35 112 204
SPLIT_MODE (298) 289
SPLIT_FMT (299) 290
BOOT (300) 165
USER (301) 166
STATIC (302) 167
NOAUTOSTART (303) 168
MULTIBOOT (304) 169
PROTECTED (305) 170
BLOCKS (306) 38 156
AUTHBLOCKS (307) 157
BOOTVECTORS (308) 94
PRESIGN (309) 33 253
AC (310) 254
BIF_SECTION (311) 148
UDF_DATA (312) 255
MCS (313) 293
BIN (314) 294
SLR_NUM (315) 206
CLUSTER_NUM (316) 207
DICE (317) 131
PCR_NUMBER (318) 78
PCR_MEASUREMENT_INDEX (319) 79
IMAGE_STORE (320) 103 145
PARENT_ID (321) 50
ID_CODE (322) 51
EXT_ID_CODE (323) 52
BYPASS_IDCODE_CHECK (324) 127
A_HWROT (325) 128
S_HWROT (326) 129
UNIQUE_ID (327) 75
PARENT_UNIQUE_ID (328) 76
FUNCTION_ID (329) 77
IMAGE (330) 60
ID (331) 42 49 68 144
NAME (332) 69
DELAY_HANDOFF (333) 70
DELAY_LOAD (334) 71
COPY (335) 73
INCLUDE (336) 4 7
DELAY_AUTH (337) 209
PARTITION (338) 80
PFILE (339) 143
OPTIONAL_DATA (340) 96
METAHEADER (341) 19
TCM_BOOT (342) 210
TCM_A_REGION (343) 250
TCM_B_REGION (344) 251
TCM_C_REGION (345) 252
WORD (346) 6 9 69 148 284
HEXWORD (347) 113
FILENAME (348) 295
QFILENAME (349) 296
NONE (350) 220 222 224
DECVALUE (351) 298
HEXVALUE (352) 297
KEYSRC_ENCRYPTION (353) 25 54 85 202
FSBL_CONFIG (354) 87 88
AUTH_PARAMS (355) 92
AUTHJTAG_CONFIG (356) 95
DEVICE_DNA (357) 113
JTAG_TIMEOUT (358) 114
AUTHJTAG_SIGN (359) 115
LMS_KEY_PARAMS (360) 97 98 99
LMS_HASH (361) 280
LMS_H (362) 282
LMS_W (363) 281
SHA256 (364)
SHAKE256 (365)
PUF4KMODE (366) 123
PUFROSWAP (367) 130
SHUTTER (368) 124
SPLIT (369) 93
SMAP_WIDTH (370) 126
PUF_HELPER_FILE (371) 262
BH_KEY_FILE (372) 261
BH_KEY_IV (373) 214 263
BH_KEK_IV (374) 213
BBRAM_KEK_IV (375) 215
EFUSE_KEK_IV (376) 216
EFUSE_USER_KEK0_IV (377) 217
EFUSE_USER_KEK1_IV (378) 218
USER_KEYS (379) 219
PMCDATA (380) 147 270
BOOTIMAGE (381) 175
UDF_BH (382) 271
INIT (383) 72 174 211
PMUFW_IMAGE (384) 269
AES_KEY_FILE (385) 26 192 256
FAMILY_KEY (386) 264
PPK_FILE (387) 28 193 265
PSK_FILE (388) 29 194 266
SPK_FILE (389) 30 195 267
SSK_FILE (390) 31 196 268
SPK_SIGNATURE_FILE (391) 32 199 258
BH_SIGNATURE_FILE (392) 259
HEADER_SIGNATURE_FILE (393) 260
AUTHVALUE (394) 221
ENCRVALUE (395) 223
CHECKSUMVALUE (396) 225
POWNERVALUE (397) 226
PTYPEVALUE (398) 227
KEY_SRC (399) 228
CORE (400) 229
BH_RSA (401) 230
AUTH_HASH (402) 232
INT_HASH (403) 233
PUFHD_LOC (404) 39 208 234
OPT_KEY (405) 235
AUTH_ONLY (406) 236
BOOT_DEVICE_TYPE (407) 237
DEST_DEVICE_TYPE (408) 239
DEST_CPU_TYPE (409) 238
EXCEPTION_LEVEL_TYPE (410) 240
TRUSTZONE_TYPE (411) 181
SPLITMODE (412) 292
DPA_CM (413) 37 205 231
SPKSELECT (414) 277
HASH_FUNCTION (415) 283
AUTH_KEY_LEVEL (416) 287
OR (417) 318
XOR (418) 316
AND (419) 314
MULT (420) 304
DIVIDE (421) 305
MODULO (422) 306
PLUS (423) 301 308
MINUS (424) 309
LSHIFT (425) 311
RSHIFT (426) 312
NEGATION (427) 302
LPAREN (428) 47 48 183 184 299
RPAREN (429) 47 48 183 184 299
ASTERISK (430) 48 184


Nonterminals, with rules where they appear

$accept (176)
    on left: 0
bif (177)
    on left: 1, on right: 0
group_list (178)
    on left: 2 3, on right: 1 3
bifoptions (179)
    on left: 4 6 7 9, on right: 3
$@1 (180)
    on left: 5, on right: 6
$@2 (181)
    on left: 8, on right: 9
file_list (182)
    on left: 10 11 12 13 14 15 16 17, on right: 6 9 11 12 13 14 15
    16 17
metahdr_spec (183)
    on left: 19, on right: 14
$@3 (184)
    on left: 18, on right: 19
metahdr_attr_list (185)
    on left: 20 21 22, on right: 19 21 22
metahdr_attr (186)
    on left: 23 24 25 26 27 28 29 30 31 32 33 34 35 36 37 38 39, on right:
    20 21 22
optional_data (187)
    on left: 40 41, on right: 41 96
optional_data_attr (188)
    on left: 42 43, on right: 40 41
metahdr_blk (189)
    on left: 44 45, on right: 38 45
metahdr_blk_attr (190)
    on left: 46 47 48, on right: 44 45
new_pdi_spec (191)
    on left: 49 50 51 52 53 54 55 56, on right: 15
image_spec (192)
    on left: 57 58, on right: 13 58
image_list (193)
    on left: 60, on right: 57 58
$@4 (194)
    on left: 59, on right: 60
image_content (195)
    on left: 61 62 63 64, on right: 60 62 63 64
image_attributes_list (196)
    on left: 65 66 67, on right: 62 66 67
image_attributes (197)
    on left: 68 69 70 71 72 73 74 75 76 77 78 79, on right: 65 66 67
partition_spec (198)
    on left: 80 81, on right: 17 64
partition_content (199)
    on left: 82 83 84, on right: 80 81 83 84
other_spec (200)
    on left: 85 87 88 89 90 91 92 93 94 95 96 97 98 99, on right: 12
$@5 (201)
    on left: 86, on right: 87
sec_boot_attr_list (202)
    on left: 100 101, on right: 89 101
sec_boot_attr (203)
    on left: 102 103 104, on right: 100 101
fsbl_attr_list (204)
    on left: 105 106 107, on right: 87 88 106 107
authjtag_attr_list (205)
    on left: 108 109 110, on right: 95 109 110
authjtag_attr (206)
    on left: 111 112 113 114 115, on right: 108 109 110
fsbl_attr (207)
    on left: 116 117 118 119 120 121 122 123 124 125 126 127 128 129
    130 131, on right: 105 106 107
file_spec (208)
    on left: 133 134, on right: 11 63 83
$@6 (209)
    on left: 132, on right: 133
new_file_spec (210)
    on left: 136, on right: 16 84
$@7 (211)
    on left: 135, on right: 136
new_attribute_list (212)
    on left: 137 138 139 140 141 142, on right: 136 139 140 141 142
new_attribute (213)
    on left: 143 144 145 146 147 148, on right: 138 139 141
attribute_list (214)
    on left: 149 150, on right: 133 150
attribute (215)
    on left: 151 152 153 154 155, on right: 137 140 142 149 150
blocksattr_list (216)
    on left: 156 157, on right: 155
blocksattr (217)
    on left: 158 159, on right: 156 159
bootvectors_list (218)
    on left: 160 161, on right: 94 161
bootvector (219)
    on left: 162, on right: 160 161
authblockattr (220)
    on left: 163, on right: 157
boolattr (221)
    on left: 164 165 166 167 168 169 170 171 172 173 174 175 176 177
    178 179, on right: 146 151
trustzone_type (222)
    on left: 180 181, on right: 200
blockattr (223)
    on left: 182 183 184, on right: 158 159
optattr (224)
    on left: 185 186 187 188 189 190 191 192 193 194 195 196 197 198
    199 200 201 202 203 204 205 206 207 208 209 210, on right: 152
other_file_attr (225)
    on left: 211 212 213 214 215 216 217 218 219, on right: 53
authvalue (226)
    on left: 220 221, on right: 27 185
encrvalue (227)
    on left: 222 223, on right: 24 186
checkvalue (228)
    on left: 224 225, on right: 36 187
pownervalue (229)
    on left: 226, on right: 188
ptypevalue (230)
    on left: 227, on right: 55 74 178 201
key_src (231)
    on left: 228, on right: 25 54 85 202
core (232)
    on left: 229, on right: 116
bh_rsa (233)
    on left: 230, on right: 117
dpa_cm (234)
    on left: 231, on right: 125
auth_hash (235)
    on left: 232, on right: 118
int_hash (236)
    on left: 233, on right: 119
pufhd_loc (237)
    on left: 234, on right: 120
opt_key (238)
    on left: 235, on right: 122
auth_only (239)
    on left: 236, on right: 121
boot_device_type (240)
    on left: 237, on right: 90 91 102
dest_cpu_type (241)
    on left: 238, on right: 189
dest_device_type (242)
    on left: 239, on right: 190
exception_level_type (243)
    on left: 240, on right: 191
numattr (244)
    on left: 241 242 243 244 245 246 247 248 249 250 251 252, on right:
    153
fileattr (245)
    on left: 253 254 255, on right: 154
key_file (246)
    on left: 256 257 258 259 260 261 262 263 264, on right: 176 212
rsa_key_file (247)
    on left: 265 266 267 268, on right: 257
other_files (248)
    on left: 269 270 271, on right: 177
auth_parameters (249)
    on left: 272 273 274 275 276, on right: 92 276
spkselect (250)
    on left: 277, on right: 197 273
lms_params_list (251)
    on left: 278 279, on right: 97
lms_params_attr (252)
    on left: 280 281 282, on right: 278 279
hashfunc (253)
    on left: 283, on right: 280
lms_params_string_list (254)
    on left: 284 285, on right: 98 285 287
lms_params_string_type_list (255)
    on left: 287 288, on right: 99 288
$@8 (256)
    on left: 286, on right: 287
split_options (257)
    on left: 289 290 291, on right: 93 291
splitmode (258)
    on left: 292, on right: 289
splitfmt (259)
    on left: 293 294, on right: 290
filename (260)
    on left: 295 296, on right: 4 7 26 28 29 30 31 32 33 42 53 115
    133 134 143 192 193 194 195 196 199 253 254 255
number (261)
    on left: 297 298 299, on right: 300
unary_expression (262)
    on left: 300 301 302, on right: 301 302 303 304 305 306
multiplicative_expression (263)
    on left: 303 304 305 306, on right: 304 305 306 307 308 309
additive_expression (264)
    on left: 307 308 309, on right: 308 309 310 311 312
shift_expression (265)
    on left: 310 311 312, on right: 311 312 313 314
and_expression (266)
    on left: 313 314, on right: 314 315 316
xor_expression (267)
    on left: 315 316, on right: 316 317 318
expression (268)
    on left: 317 318, on right: 34 35 42 46 47 48 49 50 51 52 56 68
    73 75 76 77 78 79 104 111 112 114 124 126 130 144 145 162 163 182
    183 184 198 203 204 206 207 241 242 243 244 245 246 249 250 251
    252 272 274 281 282 299 318


State 0

    0 $accept: . bif $end

    $default  reduce using rule 2 (group_list)

    bif         go to state 1
    group_list  go to state 2


State 1

    0 $accept: bif . $end

    $end  shift, and go to state 3


State 2

    1 bif: group_list .
    3 group_list: group_list . bifoptions

    INCLUDE  shift, and go to state 4
    WORD     shift, and go to state 5

    $default  reduce using rule 1 (bif)

    bifoptions  go to state 6


State 3

    0 $accept: bif $end .

    $default  accept


State 4

    4 bifoptions: INCLUDE . COLON filename
    7           | INCLUDE . COLON filename

    COLON  shift, and go to state 7


State 5

    6 bifoptions: WORD . $@1 COLON OBRACE file_list EBRACE
    9           | WORD . $@2 COLON OBRACE file_list EBRACE

    COLON     reduce using rule 5 ($@1)
    COLON     [reduce using rule 8 ($@2)]
    $default  reduce using rule 5 ($@1)

    $@1  go to state 8
    $@2  go to state 9


State 6

    3 group_list: group_list bifoptions .

    $default  reduce using rule 3 (group_list)


State 7

    4 bifoptions: INCLUDE COLON . filename
    7           | INCLUDE COLON . filename

    FILENAME   shift, and go to state 10
    QFILENAME  shift, and go to state 11

    filename  go to state 12


State 8

    6 bifoptions: WORD $@1 . COLON OBRACE file_list EBRACE

    COLON  shift, and go to state 13


State 9

    9 bifoptions: WORD $@2 . COLON OBRACE file_list EBRACE

    COLON  shift, and go to state 14


State 10

  295 filename: FILENAME .

    $default  reduce using rule 295 (filename)


State 11

  296 filename: QFILENAME .

    $default  reduce using rule 296 (filename)


State 12

    4 bifoptions: INCLUDE COLON filename .
    7           | INCLUDE COLON filename .

    $end      reduce using rule 4 (bifoptions)
    $end      [reduce using rule 7 (bifoptions)]
    INCLUDE   reduce using rule 4 (bifoptions)
    INCLUDE   [reduce using rule 7 (bifoptions)]
    WORD      reduce using rule 4 (bifoptions)
    WORD      [reduce using rule 7 (bifoptions)]
    $default  reduce using rule 4 (bifoptions)


State 13

    6 bifoptions: WORD $@1 COLON . OBRACE file_list EBRACE

    OBRACE  shift, and go to state 15


State 14

    9 bifoptions: WORD $@2 COLON . OBRACE file_list EBRACE

    OBRACE  shift, and go to state 16


State 15

    6 bifoptions: WORD $@1 COLON OBRACE . file_list EBRACE

    $default  reduce using rule 10 (file_list)

    file_list  go to state 17


State 16

    9 bifoptions: WORD $@2 COLON OBRACE . file_list EBRACE

    $default  reduce using rule 10 (file_list)

    file_list  go to state 18


State 17

    6 bifoptions: WORD $@1 COLON OBRACE file_list . EBRACE
   11 file_list: file_list . file_spec
   12          | file_list . other_spec
   13          | file_list . image_spec
   14          | file_list . metahdr_spec
   15          | file_list . new_pdi_spec
   16          | file_list . new_file_spec
   17          | file_list . partition_spec

    OBRACE                 shift, and go to state 19
    EBRACE                 shift, and go to state 20
    OBRACKET               shift, and go to state 21
    PARTITION_TYPE         shift, and go to state 22
    BOOT_DEVICE            shift, and go to state 23
    REVOKE_ID              shift, and go to state 24
    PARENT_ID              shift, and go to state 25
    ID_CODE                shift, and go to state 26
    EXT_ID_CODE            shift, and go to state 27
    IMAGE                  shift, and go to state 28
    ID                     shift, and go to state 29
    PARTITION              shift, and go to state 30
    OPTIONAL_DATA          shift, and go to state 31
    METAHEADER             shift, and go to state 32
    FILENAME               shift, and go to state 10
    QFILENAME              shift, and go to state 11
    KEYSRC_ENCRYPTION      shift, and go to state 33
    FSBL_CONFIG            shift, and go to state 34
    AUTHJTAG_CONFIG        shift, and go to state 35
    LMS_KEY_PARAMS         shift, and go to state 36
    PUF_HELPER_FILE        shift, and go to state 37
    BH_KEY_FILE            shift, and go to state 38
    BH_KEY_IV              shift, and go to state 39
    BH_KEK_IV              shift, and go to state 40
    BBRAM_KEK_IV           shift, and go to state 41
    EFUSE_KEK_IV           shift, and go to state 42
    EFUSE_USER_KEK0_IV     shift, and go to state 43
    EFUSE_USER_KEK1_IV     shift, and go to state 44
    USER_KEYS              shift, and go to state 45
    INIT                   shift, and go to state 46
    AES_KEY_FILE           shift, and go to state 47
    FAMILY_KEY             shift, and go to state 48
    PPK_FILE               shift, and go to state 49
    PSK_FILE               shift, and go to state 50
    SPK_FILE               shift, and go to state 51
    SSK_FILE               shift, and go to state 52
    SPK_SIGNATURE_FILE     shift, and go to state 53
    BH_SIGNATURE_FILE      shift, and go to state 54
    HEADER_SIGNATURE_FILE  shift, and go to state 55

    OBRACE                 [reduce using rule 82 (partition_content)]
    EBRACE                 [reduce using rule 82 (partition_content)]
    OBRACKET               [reduce using rule 82 (partition_content)]
    PARTITION_TYPE         [reduce using rule 82 (partition_content)]
    BOOT_DEVICE            [reduce using rule 82 (partition_content)]
    REVOKE_ID              [reduce using rule 82 (partition_content)]
    PARENT_ID              [reduce using rule 82 (partition_content)]
    ID_CODE                [reduce using rule 82 (partition_content)]
    EXT_ID_CODE            [reduce using rule 82 (partition_content)]
    IMAGE                  [reduce using rule 82 (partition_content)]
    ID                     [reduce using rule 82 (partition_content)]
    PARTITION              [reduce using rule 82 (partition_content)]
    OPTIONAL_DATA          [reduce using rule 82 (partition_content)]
    METAHEADER             [reduce using rule 82 (partition_content)]
    FILENAME               [reduce using rule 82 (partition_content)]
    QFILENAME              [reduce using rule 82 (partition_content)]
    KEYSRC_ENCRYPTION      [reduce using rule 82 (partition_content)]
    FSBL_CONFIG            [reduce using rule 82 (partition_content)]
    AUTHJTAG_CONFIG        [reduce using rule 82 (partition_content)]
    LMS_KEY_PARAMS         [reduce using rule 82 (partition_content)]
    PUF_HELPER_FILE        [reduce using rule 82 (partition_content)]
    BH_KEY_FILE            [reduce using rule 82 (partition_content)]
    BH_KEY_IV              [reduce using rule 82 (partition_content)]
    BH_KEK_IV              [reduce using rule 82 (partition_content)]
    BBRAM_KEK_IV           [reduce using rule 82 (partition_content)]
    EFUSE_KEK_IV           [reduce using rule 82 (partition_content)]
    EFUSE_USER_KEK0_IV     [reduce using rule 82 (partition_content)]
    EFUSE_USER_KEK1_IV     [reduce using rule 82 (partition_content)]
    USER_KEYS              [reduce using rule 82 (partition_content)]
    INIT                   [reduce using rule 82 (partition_content)]
    AES_KEY_FILE           [reduce using rule 82 (partition_content)]
    FAMILY_KEY             [reduce using rule 82 (partition_content)]
    PPK_FILE               [reduce using rule 82 (partition_content)]
    PSK_FILE               [reduce using rule 82 (partition_content)]
    SPK_FILE               [reduce using rule 82 (partition_content)]
    SSK_FILE               [reduce using rule 82 (partition_content)]
    SPK_SIGNATURE_FILE     [reduce using rule 82 (partition_content)]
    BH_SIGNATURE_FILE      [reduce using rule 82 (partition_content)]
    HEADER_SIGNATURE_FILE  [reduce using rule 82 (partition_content)]

    metahdr_spec       go to state 56
    new_pdi_spec       go to state 57
    image_spec         go to state 58
    image_list         go to state 59
    partition_spec     go to state 60
    partition_content  go to state 61
    other_spec         go to state 62
    file_spec          go to state 63
    new_file_spec      go to state 64
    other_file_attr    go to state 65
    key_file           go to state 66
    rsa_key_file       go to state 67
    filename           go to state 68


State 18

    9 bifoptions: WORD $@2 COLON OBRACE file_list . EBRACE
   11 file_list: file_list . file_spec
   12          | file_list . other_spec
   13          | file_list . image_spec
   14          | file_list . metahdr_spec
   15          | file_list . new_pdi_spec
   16          | file_list . new_file_spec
   17          | file_list . partition_spec

    OBRACE                 shift, and go to state 19
    EBRACE                 shift, and go to state 69
    OBRACKET               shift, and go to state 21
    PARTITION_TYPE         shift, and go to state 22
    BOOT_DEVICE            shift, and go to state 23
    REVOKE_ID              shift, and go to state 24
    PARENT_ID              shift, and go to state 25
    ID_CODE                shift, and go to state 26
    EXT_ID_CODE            shift, and go to state 27
    IMAGE                  shift, and go to state 28
    ID                     shift, and go to state 29
    PARTITION              shift, and go to state 30
    OPTIONAL_DATA          shift, and go to state 31
    METAHEADER             shift, and go to state 32
    FILENAME               shift, and go to state 10
    QFILENAME              shift, and go to state 11
    KEYSRC_ENCRYPTION      shift, and go to state 33
    FSBL_CONFIG            shift, and go to state 34
    AUTHJTAG_CONFIG        shift, and go to state 35
    LMS_KEY_PARAMS         shift, and go to state 36
    PUF_HELPER_FILE        shift, and go to state 37
    BH_KEY_FILE            shift, and go to state 38
    BH_KEY_IV              shift, and go to state 39
    BH_KEK_IV              shift, and go to state 40
    BBRAM_KEK_IV           shift, and go to state 41
    EFUSE_KEK_IV           shift, and go to state 42
    EFUSE_USER_KEK0_IV     shift, and go to state 43
    EFUSE_USER_KEK1_IV     shift, and go to state 44
    USER_KEYS              shift, and go to state 45
    INIT                   shift, and go to state 46
    AES_KEY_FILE           shift, and go to state 47
    FAMILY_KEY             shift, and go to state 48
    PPK_FILE               shift, and go to state 49
    PSK_FILE               shift, and go to state 50
    SPK_FILE               shift, and go to state 51
    SSK_FILE               shift, and go to state 52
    SPK_SIGNATURE_FILE     shift, and go to state 53
    BH_SIGNATURE_FILE      shift, and go to state 54
    HEADER_SIGNATURE_FILE  shift, and go to state 55

    OBRACE                 [reduce using rule 82 (partition_content)]
    EBRACE                 [reduce using rule 82 (partition_content)]
    OBRACKET               [reduce using rule 82 (partition_content)]
    PARTITION_TYPE         [reduce using rule 82 (partition_content)]
    BOOT_DEVICE            [reduce using rule 82 (partition_content)]
    REVOKE_ID              [reduce using rule 82 (partition_content)]
    PARENT_ID              [reduce using rule 82 (partition_content)]
    ID_CODE                [reduce using rule 82 (partition_content)]
    EXT_ID_CODE            [reduce using rule 82 (partition_content)]
    IMAGE                  [reduce using rule 82 (partition_content)]
    ID                     [reduce using rule 82 (partition_content)]
    PARTITION              [reduce using rule 82 (partition_content)]
    OPTIONAL_DATA          [reduce using rule 82 (partition_content)]
    METAHEADER             [reduce using rule 82 (partition_content)]
    FILENAME               [reduce using rule 82 (partition_content)]
    QFILENAME              [reduce using rule 82 (partition_content)]
    KEYSRC_ENCRYPTION      [reduce using rule 82 (partition_content)]
    FSBL_CONFIG            [reduce using rule 82 (partition_content)]
    AUTHJTAG_CONFIG        [reduce using rule 82 (partition_content)]
    LMS_KEY_PARAMS         [reduce using rule 82 (partition_content)]
    PUF_HELPER_FILE        [reduce using rule 82 (partition_content)]
    BH_KEY_FILE            [reduce using rule 82 (partition_content)]
    BH_KEY_IV              [reduce using rule 82 (partition_content)]
    BH_KEK_IV              [reduce using rule 82 (partition_content)]
    BBRAM_KEK_IV           [reduce using rule 82 (partition_content)]
    EFUSE_KEK_IV           [reduce using rule 82 (partition_content)]
    EFUSE_USER_KEK0_IV     [reduce using rule 82 (partition_content)]
    EFUSE_USER_KEK1_IV     [reduce using rule 82 (partition_content)]
    USER_KEYS              [reduce using rule 82 (partition_content)]
    INIT                   [reduce using rule 82 (partition_content)]
    AES_KEY_FILE           [reduce using rule 82 (partition_content)]
    FAMILY_KEY             [reduce using rule 82 (partition_content)]
    PPK_FILE               [reduce using rule 82 (partition_content)]
    PSK_FILE               [reduce using rule 82 (partition_content)]
    SPK_FILE               [reduce using rule 82 (partition_content)]
    SSK_FILE               [reduce using rule 82 (partition_content)]
    SPK_SIGNATURE_FILE     [reduce using rule 82 (partition_content)]
    BH_SIGNATURE_FILE      [reduce using rule 82 (partition_content)]
    HEADER_SIGNATURE_FILE  [reduce using rule 82 (partition_content)]

    metahdr_spec       go to state 56
    new_pdi_spec       go to state 57
    image_spec         go to state 58
    image_list         go to state 59
    partition_spec     go to state 60
    partition_content  go to state 61
    other_spec         go to state 62
    file_spec          go to state 63
    new_file_spec      go to state 64
    other_file_attr    go to state 65
    key_file           go to state 66
    rsa_key_file       go to state 67
    filename           go to state 68


State 19

  136 new_file_spec: OBRACE . $@7 new_attribute_list EBRACE

    $default  reduce using rule 135 ($@7)

    $@7  go to state 70


State 20

    6 bifoptions: WORD $@1 COLON OBRACE file_list EBRACE .

    $default  reduce using rule 6 (bifoptions)


State 21

   85 other_spec: OBRACKET . KEYSRC_ENCRYPTION EBRACKET key_src
   87           | OBRACKET . FSBL_CONFIG $@5 EBRACKET fsbl_attr_list
   90           | OBRACKET . BOOT_DEVICE EBRACKET boot_device_type
   92           | OBRACKET . AUTH_PARAMS EBRACKET auth_parameters
   93           | OBRACKET . SPLIT EBRACKET split_options
   94           | OBRACKET . BOOTVECTORS EBRACKET bootvectors_list
  133 file_spec: OBRACKET . $@6 attribute_list EBRACKET filename

    BOOT_DEVICE        shift, and go to state 71
    BOOTVECTORS        shift, and go to state 72
    KEYSRC_ENCRYPTION  shift, and go to state 73
    FSBL_CONFIG        shift, and go to state 74
    AUTH_PARAMS        shift, and go to state 75
    SPLIT              shift, and go to state 76

    KEYSRC_ENCRYPTION  [reduce using rule 132 ($@6)]
    $default           reduce using rule 132 ($@6)

    $@6  go to state 77


State 22

   55 new_pdi_spec: PARTITION_TYPE . EQUAL ptypevalue

    EQUAL  shift, and go to state 78


State 23

   89 other_spec: BOOT_DEVICE . OBRACE sec_boot_attr_list EBRACE
   91           | BOOT_DEVICE . EQUAL boot_device_type

    OBRACE  shift, and go to state 79
    EQUAL   shift, and go to state 80


State 24

   56 new_pdi_spec: REVOKE_ID . EQUAL expression

    EQUAL  shift, and go to state 81


State 25

   50 new_pdi_spec: PARENT_ID . EQUAL expression

    EQUAL  shift, and go to state 82


State 26

   51 new_pdi_spec: ID_CODE . EQUAL expression

    EQUAL  shift, and go to state 83


State 27

   52 new_pdi_spec: EXT_ID_CODE . EQUAL expression

    EQUAL  shift, and go to state 84


State 28

   60 image_list: IMAGE . OBRACE $@4 image_content EBRACE

    OBRACE  shift, and go to state 85


State 29

   49 new_pdi_spec: ID . EQUAL expression

    EQUAL  shift, and go to state 86


State 30

   80 partition_spec: PARTITION . partition_content

    $default  reduce using rule 82 (partition_content)

    partition_content  go to state 87


State 31

   96 other_spec: OPTIONAL_DATA . OBRACE optional_data EBRACE

    OBRACE  shift, and go to state 88


State 32

   19 metahdr_spec: METAHEADER . OBRACE $@3 metahdr_attr_list EBRACE

    OBRACE  shift, and go to state 89


State 33

   54 new_pdi_spec: KEYSRC_ENCRYPTION . EQUAL key_src

    EQUAL  shift, and go to state 90


State 34

   88 other_spec: FSBL_CONFIG . OBRACE fsbl_attr_list EBRACE

    OBRACE  shift, and go to state 91


State 35

   95 other_spec: AUTHJTAG_CONFIG . OBRACE authjtag_attr_list EBRACE

    OBRACE  shift, and go to state 92


State 36

   97 other_spec: LMS_KEY_PARAMS . OBRACE lms_params_list EBRACE
   98           | LMS_KEY_PARAMS . OBRACE lms_params_string_list EBRACE
   99           | LMS_KEY_PARAMS . OBRACE lms_params_string_type_list EBRACE

    OBRACE  shift, and go to state 93


State 37

  262 key_file: PUF_HELPER_FILE .

    $default  reduce using rule 262 (key_file)


State 38

  261 key_file: BH_KEY_FILE .

    $default  reduce using rule 261 (key_file)


State 39

  214 other_file_attr: BH_KEY_IV .
  263 key_file: BH_KEY_IV .

    EQUAL     reduce using rule 214 (other_file_attr)
    EQUAL     [reduce using rule 263 (key_file)]
    $default  reduce using rule 214 (other_file_attr)


State 40

  213 other_file_attr: BH_KEK_IV .

    $default  reduce using rule 213 (other_file_attr)


State 41

  215 other_file_attr: BBRAM_KEK_IV .

    $default  reduce using rule 215 (other_file_attr)


State 42

  216 other_file_attr: EFUSE_KEK_IV .

    $default  reduce using rule 216 (other_file_attr)


State 43

  217 other_file_attr: EFUSE_USER_KEK0_IV .

    $default  reduce using rule 217 (other_file_attr)


State 44

  218 other_file_attr: EFUSE_USER_KEK1_IV .

    $default  reduce using rule 218 (other_file_attr)


State 45

  219 other_file_attr: USER_KEYS .

    $default  reduce using rule 219 (other_file_attr)


State 46

  211 other_file_attr: INIT .

    $default  reduce using rule 211 (other_file_attr)


State 47

  256 key_file: AES_KEY_FILE .

    $default  reduce using rule 256 (key_file)


State 48

  264 key_file: FAMILY_KEY .

    $default  reduce using rule 264 (key_file)


State 49

  265 rsa_key_file: PPK_FILE .

    $default  reduce using rule 265 (rsa_key_file)


State 50

  266 rsa_key_file: PSK_FILE .

    $default  reduce using rule 266 (rsa_key_file)


State 51

  267 rsa_key_file: SPK_FILE .

    $default  reduce using rule 267 (rsa_key_file)


State 52

  268 rsa_key_file: SSK_FILE .

    $default  reduce using rule 268 (rsa_key_file)


State 53

  258 key_file: SPK_SIGNATURE_FILE .

    $default  reduce using rule 258 (key_file)


State 54

  259 key_file: BH_SIGNATURE_FILE .

    $default  reduce using rule 259 (key_file)


State 55

  260 key_file: HEADER_SIGNATURE_FILE .

    $default  reduce using rule 260 (key_file)


State 56

   14 file_list: file_list metahdr_spec .

    $default  reduce using rule 14 (file_list)


State 57

   15 file_list: file_list new_pdi_spec .

    $default  reduce using rule 15 (file_list)


State 58

   13 file_list: file_list image_spec .
   58 image_spec: image_spec . image_list

    IMAGE  shift, and go to state 28

    IMAGE     [reduce using rule 13 (file_list)]
    $default  reduce using rule 13 (file_list)

    image_list  go to state 94


State 59

   57 image_spec: image_list .

    $default  reduce using rule 57 (image_spec)


State 60

   17 file_list: file_list partition_spec .

    $default  reduce using rule 17 (file_list)


State 61

   81 partition_spec: partition_content .
   83 partition_content: partition_content . file_spec
   84                  | partition_content . new_file_spec

    OBRACE     shift, and go to state 19
    OBRACKET   shift, and go to state 95
    FILENAME   shift, and go to state 10
    QFILENAME  shift, and go to state 11

    OBRACE     [reduce using rule 81 (partition_spec)]
    OBRACKET   [reduce using rule 81 (partition_spec)]
    FILENAME   [reduce using rule 81 (partition_spec)]
    QFILENAME  [reduce using rule 81 (partition_spec)]
    $default   reduce using rule 81 (partition_spec)

    file_spec      go to state 96
    new_file_spec  go to state 97
    filename       go to state 68


State 62

   12 file_list: file_list other_spec .

    $default  reduce using rule 12 (file_list)


State 63

   11 file_list: file_list file_spec .

    $default  reduce using rule 11 (file_list)


State 64

   16 file_list: file_list new_file_spec .

    $default  reduce using rule 16 (file_list)


State 65

   53 new_pdi_spec: other_file_attr . EQUAL filename

    EQUAL  shift, and go to state 98


State 66

  212 other_file_attr: key_file .

    $default  reduce using rule 212 (other_file_attr)


State 67

  257 key_file: rsa_key_file .

    $default  reduce using rule 257 (key_file)


State 68

  134 file_spec: filename .

    $default  reduce using rule 134 (file_spec)


State 69

    9 bifoptions: WORD $@2 COLON OBRACE file_list EBRACE .

    $default  reduce using rule 9 (bifoptions)


State 70

  136 new_file_spec: OBRACE $@7 . new_attribute_list EBRACE

    BOOTLOADER             shift, and go to state 99
    XIP_MODE               shift, and go to state 100
    EARLY_HANDOFF          shift, and go to state 101
    HIVEC                  shift, and go to state 102
    LOCKSTEP               shift, and go to state 103
    AUTHENTICATION         shift, and go to state 104
    ENCRYPTION             shift, and go to state 105
    CHECKSUM               shift, and go to state 106
    PARTITION_OWNER        shift, and go to state 107
    PARTITION_TYPE         shift, and go to state 108
    PARTITION_NUM          shift, and go to state 109
    DEST_DEVICE            shift, and go to state 110
    DEST_CPU               shift, and go to state 111
    EXCEPTION_LEVEL        shift, and go to state 112
    TRUSTZONE              shift, and go to state 113
    ALIGNMENT              shift, and go to state 114
    OFFSET                 shift, and go to state 115
    RESERVE_LEGACY         shift, and go to state 116
    RESERVE                shift, and go to state 117
    LOAD                   shift, and go to state 118
    STARTUP                shift, and go to state 119
    BIGENDIAN              shift, and go to state 120
    A32_MODE               shift, and go to state 121
    SPK_ID                 shift, and go to state 122
    SPK_SELECT             shift, and go to state 123
    REVOKE_ID              shift, and go to state 124
    SPK_REVOKE_ID          shift, and go to state 125
    BOOT                   shift, and go to state 126
    USER                   shift, and go to state 127
    STATIC                 shift, and go to state 128
    NOAUTOSTART            shift, and go to state 129
    MULTIBOOT              shift, and go to state 130
    PROTECTED              shift, and go to state 131
    BLOCKS                 shift, and go to state 132
    AUTHBLOCKS             shift, and go to state 133
    PRESIGN                shift, and go to state 134
    AC                     shift, and go to state 135
    BIF_SECTION            shift, and go to state 136
    UDF_DATA               shift, and go to state 137
    SLR_NUM                shift, and go to state 138
    CLUSTER_NUM            shift, and go to state 139
    IMAGE_STORE            shift, and go to state 140
    ID                     shift, and go to state 141
    DELAY_AUTH             shift, and go to state 142
    PFILE                  shift, and go to state 143
    TCM_BOOT               shift, and go to state 144
    TCM_A_REGION           shift, and go to state 145
    TCM_B_REGION           shift, and go to state 146
    TCM_C_REGION           shift, and go to state 147
    KEYSRC_ENCRYPTION      shift, and go to state 148
    PUF_HELPER_FILE        shift, and go to state 37
    BH_KEY_FILE            shift, and go to state 38
    BH_KEY_IV              shift, and go to state 149
    PMCDATA                shift, and go to state 150
    BOOTIMAGE              shift, and go to state 151
    UDF_BH                 shift, and go to state 152
    INIT                   shift, and go to state 153
    PMUFW_IMAGE            shift, and go to state 154
    AES_KEY_FILE           shift, and go to state 155
    FAMILY_KEY             shift, and go to state 48
    PPK_FILE               shift, and go to state 156
    PSK_FILE               shift, and go to state 157
    SPK_FILE               shift, and go to state 158
    SSK_FILE               shift, and go to state 159
    SPK_SIGNATURE_FILE     shift, and go to state 160
    BH_SIGNATURE_FILE      shift, and go to state 54
    HEADER_SIGNATURE_FILE  shift, and go to state 55
    PTYPEVALUE             shift, and go to state 161
    PUFHD_LOC              shift, and go to state 162
    DPA_CM                 shift, and go to state 163

    new_attribute_list  go to state 164
    new_attribute       go to state 165
    attribute           go to state 166
    blocksattr_list     go to state 167
    boolattr            go to state 168
    trustzone_type      go to state 169
    optattr             go to state 170
    ptypevalue          go to state 171
    numattr             go to state 172
    fileattr            go to state 173
    key_file            go to state 174
    rsa_key_file        go to state 67
    other_files         go to state 175


State 71

   90 other_spec: OBRACKET BOOT_DEVICE . EBRACKET boot_device_type

    EBRACKET  shift, and go to state 176


State 72

   94 other_spec: OBRACKET BOOTVECTORS . EBRACKET bootvectors_list

    EBRACKET  shift, and go to state 177


State 73

   85 other_spec: OBRACKET KEYSRC_ENCRYPTION . EBRACKET key_src

    EBRACKET  shift, and go to state 178


State 74

   87 other_spec: OBRACKET FSBL_CONFIG . $@5 EBRACKET fsbl_attr_list

    $default  reduce using rule 86 ($@5)

    $@5  go to state 179


State 75

   92 other_spec: OBRACKET AUTH_PARAMS . EBRACKET auth_parameters

    EBRACKET  shift, and go to state 180


State 76

   93 other_spec: OBRACKET SPLIT . EBRACKET split_options

    EBRACKET  shift, and go to state 181


State 77

  133 file_spec: OBRACKET $@6 . attribute_list EBRACKET filename

    BOOTLOADER             shift, and go to state 99
    XIP_MODE               shift, and go to state 100
    EARLY_HANDOFF          shift, and go to state 101
    HIVEC                  shift, and go to state 102
    LOCKSTEP               shift, and go to state 103
    AUTHENTICATION         shift, and go to state 104
    ENCRYPTION             shift, and go to state 105
    CHECKSUM               shift, and go to state 106
    PARTITION_OWNER        shift, and go to state 107
    PARTITION_TYPE         shift, and go to state 182
    PARTITION_NUM          shift, and go to state 109
    DEST_DEVICE            shift, and go to state 110
    DEST_CPU               shift, and go to state 111
    EXCEPTION_LEVEL        shift, and go to state 112
    TRUSTZONE              shift, and go to state 113
    ALIGNMENT              shift, and go to state 114
    OFFSET                 shift, and go to state 115
    RESERVE_LEGACY         shift, and go to state 116
    RESERVE                shift, and go to state 117
    LOAD                   shift, and go to state 118
    STARTUP                shift, and go to state 119
    BIGENDIAN              shift, and go to state 120
    A32_MODE               shift, and go to state 121
    SPK_ID                 shift, and go to state 122
    SPK_SELECT             shift, and go to state 123
    REVOKE_ID              shift, and go to state 124
    SPK_REVOKE_ID          shift, and go to state 125
    BOOT                   shift, and go to state 126
    USER                   shift, and go to state 127
    STATIC                 shift, and go to state 128
    NOAUTOSTART            shift, and go to state 129
    MULTIBOOT              shift, and go to state 130
    PROTECTED              shift, and go to state 131
    BLOCKS                 shift, and go to state 132
    AUTHBLOCKS             shift, and go to state 133
    PRESIGN                shift, and go to state 134
    AC                     shift, and go to state 135
    UDF_DATA               shift, and go to state 137
    SLR_NUM                shift, and go to state 138
    CLUSTER_NUM            shift, and go to state 139
    DELAY_AUTH             shift, and go to state 142
    TCM_BOOT               shift, and go to state 144
    TCM_A_REGION           shift, and go to state 145
    TCM_B_REGION           shift, and go to state 146
    TCM_C_REGION           shift, and go to state 147
    KEYSRC_ENCRYPTION      shift, and go to state 148
    PUF_HELPER_FILE        shift, and go to state 37
    BH_KEY_FILE            shift, and go to state 38
    BH_KEY_IV              shift, and go to state 149
    PMCDATA                shift, and go to state 150
    BOOTIMAGE              shift, and go to state 151
    UDF_BH                 shift, and go to state 152
    INIT                   shift, and go to state 153
    PMUFW_IMAGE            shift, and go to state 154
    AES_KEY_FILE           shift, and go to state 155
    FAMILY_KEY             shift, and go to state 48
    PPK_FILE               shift, and go to state 156
    PSK_FILE               shift, and go to state 157
    SPK_FILE               shift, and go to state 158
    SSK_FILE               shift, and go to state 159
    SPK_SIGNATURE_FILE     shift, and go to state 160
    BH_SIGNATURE_FILE      shift, and go to state 54
    HEADER_SIGNATURE_FILE  shift, and go to state 55
    PTYPEVALUE             shift, and go to state 161
    PUFHD_LOC              shift, and go to state 162
    DPA_CM                 shift, and go to state 163

    attribute_list   go to state 183
    attribute        go to state 184
    blocksattr_list  go to state 167
    boolattr         go to state 168
    trustzone_type   go to state 169
    optattr          go to state 170
    ptypevalue       go to state 171
    numattr          go to state 172
    fileattr         go to state 173
    key_file         go to state 174
    rsa_key_file     go to state 67
    other_files      go to state 175


State 78

   55 new_pdi_spec: PARTITION_TYPE EQUAL . ptypevalue

    PTYPEVALUE  shift, and go to state 161

    ptypevalue  go to state 185


State 79

   89 other_spec: BOOT_DEVICE OBRACE . sec_boot_attr_list EBRACE

    ADDRESS           shift, and go to state 186
    IMAGE_STORE       shift, and go to state 187
    BOOT_DEVICE_TYPE  shift, and go to state 188

    sec_boot_attr_list  go to state 189
    sec_boot_attr       go to state 190
    boot_device_type    go to state 191


State 80

   91 other_spec: BOOT_DEVICE EQUAL . boot_device_type

    BOOT_DEVICE_TYPE  shift, and go to state 188

    boot_device_type  go to state 192


State 81

   56 new_pdi_spec: REVOKE_ID EQUAL . expression

    DECVALUE  shift, and go to state 193
    HEXVALUE  shift, and go to state 194
    PLUS      shift, and go to state 195
    NEGATION  shift, and go to state 196
    LPAREN    shift, and go to state 197

    number                     go to state 198
    unary_expression           go to state 199
    multiplicative_expression  go to state 200
    additive_expression        go to state 201
    shift_expression           go to state 202
    and_expression             go to state 203
    xor_expression             go to state 204
    expression                 go to state 205


State 82

   50 new_pdi_spec: PARENT_ID EQUAL . expression

    DECVALUE  shift, and go to state 193
    HEXVALUE  shift, and go to state 194
    PLUS      shift, and go to state 195
    NEGATION  shift, and go to state 196
    LPAREN    shift, and go to state 197

    number                     go to state 198
    unary_expression           go to state 199
    multiplicative_expression  go to state 200
    additive_expression        go to state 201
    shift_expression           go to state 202
    and_expression             go to state 203
    xor_expression             go to state 204
    expression                 go to state 206


State 83

   51 new_pdi_spec: ID_CODE EQUAL . expression

    DECVALUE  shift, and go to state 193
    HEXVALUE  shift, and go to state 194
    PLUS      shift, and go to state 195
    NEGATION  shift, and go to state 196
    LPAREN    shift, and go to state 197

    number                     go to state 198
    unary_expression           go to state 199
    multiplicative_expression  go to state 200
    additive_expression        go to state 201
    shift_expression           go to state 202
    and_expression             go to state 203
    xor_expression             go to state 204
    expression                 go to state 207


State 84

   52 new_pdi_spec: EXT_ID_CODE EQUAL . expression

    DECVALUE  shift, and go to state 193
    HEXVALUE  shift, and go to state 194
    PLUS      shift, and go to state 195
    NEGATION  shift, and go to state 196
    LPAREN    shift, and go to state 197

    number                     go to state 198
    unary_expression           go to state 199
    multiplicative_expression  go to state 200
    additive_expression        go to state 201
    shift_expression           go to state 202
    and_expression             go to state 203
    xor_expression             go to state 204
    expression                 go to state 208


State 85

   60 image_list: IMAGE OBRACE . $@4 image_content EBRACE

    $default  reduce using rule 59 ($@4)

    $@4  go to state 209


State 86

   49 new_pdi_spec: ID EQUAL . expression

    DECVALUE  shift, and go to state 193
    HEXVALUE  shift, and go to state 194
    PLUS      shift, and go to state 195
    NEGATION  shift, and go to state 196
    LPAREN    shift, and go to state 197

    number                     go to state 198
    unary_expression           go to state 199
    multiplicative_expression  go to state 200
    additive_expression        go to state 201
    shift_expression           go to state 202
    and_expression             go to state 203
    xor_expression             go to state 204
    expression                 go to state 210


State 87

   80 partition_spec: PARTITION partition_content .
   83 partition_content: partition_content . file_spec
   84                  | partition_content . new_file_spec

    OBRACE     shift, and go to state 19
    OBRACKET   shift, and go to state 95
    FILENAME   shift, and go to state 10
    QFILENAME  shift, and go to state 11

    OBRACE     [reduce using rule 80 (partition_spec)]
    OBRACKET   [reduce using rule 80 (partition_spec)]
    FILENAME   [reduce using rule 80 (partition_spec)]
    QFILENAME  [reduce using rule 80 (partition_spec)]
    $default   reduce using rule 80 (partition_spec)

    file_spec      go to state 96
    new_file_spec  go to state 97
    filename       go to state 68


State 88

   96 other_spec: OPTIONAL_DATA OBRACE . optional_data EBRACE

    FILENAME   shift, and go to state 10
    QFILENAME  shift, and go to state 11

    $default  reduce using rule 43 (optional_data_attr)

    optional_data       go to state 211
    optional_data_attr  go to state 212
    filename            go to state 213


State 89

   19 metahdr_spec: METAHEADER OBRACE . $@3 metahdr_attr_list EBRACE

    $default  reduce using rule 18 ($@3)

    $@3  go to state 214


State 90

   54 new_pdi_spec: KEYSRC_ENCRYPTION EQUAL . key_src

    KEY_SRC  shift, and go to state 215

    key_src  go to state 216


State 91

   88 other_spec: FSBL_CONFIG OBRACE . fsbl_attr_list EBRACE

    DICE                 shift, and go to state 217
    BYPASS_IDCODE_CHECK  shift, and go to state 218
    A_HWROT              shift, and go to state 219
    S_HWROT              shift, and go to state 220
    PUF4KMODE            shift, and go to state 221
    PUFROSWAP            shift, and go to state 222
    SHUTTER              shift, and go to state 223
    SMAP_WIDTH           shift, and go to state 224
    CORE                 shift, and go to state 225
    BH_RSA               shift, and go to state 226
    AUTH_HASH            shift, and go to state 227
    INT_HASH             shift, and go to state 228
    PUFHD_LOC            shift, and go to state 229
    OPT_KEY              shift, and go to state 230
    AUTH_ONLY            shift, and go to state 231
    DPA_CM               shift, and go to state 232

    fsbl_attr_list  go to state 233
    fsbl_attr       go to state 234
    core            go to state 235
    bh_rsa          go to state 236
    dpa_cm          go to state 237
    auth_hash       go to state 238
    int_hash        go to state 239
    pufhd_loc       go to state 240
    opt_key         go to state 241
    auth_only       go to state 242


State 92

   95 other_spec: AUTHJTAG_CONFIG OBRACE . authjtag_attr_list EBRACE

    REVOKE_ID      shift, and go to state 243
    SPK_REVOKE_ID  shift, and go to state 244
    DEVICE_DNA     shift, and go to state 245
    JTAG_TIMEOUT   shift, and go to state 246
    AUTHJTAG_SIGN  shift, and go to state 247

    authjtag_attr_list  go to state 248
    authjtag_attr       go to state 249


State 93

   97 other_spec: LMS_KEY_PARAMS OBRACE . lms_params_list EBRACE
   98           | LMS_KEY_PARAMS OBRACE . lms_params_string_list EBRACE
   99           | LMS_KEY_PARAMS OBRACE . lms_params_string_type_list EBRACE

    WORD            shift, and go to state 250
    LMS_HASH        shift, and go to state 251
    LMS_H           shift, and go to state 252
    LMS_W           shift, and go to state 253
    AUTH_KEY_LEVEL  shift, and go to state 254

    lms_params_list              go to state 255
    lms_params_attr              go to state 256
    lms_params_string_list       go to state 257
    lms_params_string_type_list  go to state 258


State 94

   58 image_spec: image_spec image_list .

    $default  reduce using rule 58 (image_spec)


State 95

  133 file_spec: OBRACKET . $@6 attribute_list EBRACKET filename

    $default  reduce using rule 132 ($@6)

    $@6  go to state 77


State 96

   83 partition_content: partition_content file_spec .

    $default  reduce using rule 83 (partition_content)


State 97

   84 partition_content: partition_content new_file_spec .

    $default  reduce using rule 84 (partition_content)


State 98

   53 new_pdi_spec: other_file_attr EQUAL . filename

    FILENAME   shift, and go to state 10
    QFILENAME  shift, and go to state 11

    filename  go to state 259


State 99

  164 boolattr: BOOTLOADER .

    $default  reduce using rule 164 (boolattr)


State 100

  173 boolattr: XIP_MODE .

    $default  reduce using rule 173 (boolattr)


State 101

  171 boolattr: EARLY_HANDOFF .

    $default  reduce using rule 171 (boolattr)


State 102

  172 boolattr: HIVEC .

    $default  reduce using rule 172 (boolattr)


State 103

  179 boolattr: LOCKSTEP .

    $default  reduce using rule 179 (boolattr)


State 104

  185 optattr: AUTHENTICATION . EQUAL authvalue

    EQUAL  shift, and go to state 260


State 105

  186 optattr: ENCRYPTION . EQUAL encrvalue

    EQUAL  shift, and go to state 261


State 106

  187 optattr: CHECKSUM . EQUAL checkvalue

    EQUAL  shift, and go to state 262


State 107

  188 optattr: PARTITION_OWNER . EQUAL pownervalue

    EQUAL  shift, and go to state 263


State 108

  146 new_attribute: PARTITION_TYPE . EQUAL boolattr
  147              | PARTITION_TYPE . EQUAL PMCDATA
  201 optattr: PARTITION_TYPE . EQUAL ptypevalue

    EQUAL  shift, and go to state 264


State 109

  249 numattr: PARTITION_NUM . EQUAL expression

    EQUAL  shift, and go to state 265


State 110

  190 optattr: DEST_DEVICE . EQUAL dest_device_type

    EQUAL  shift, and go to state 266


State 111

  189 optattr: DEST_CPU . EQUAL dest_cpu_type

    EQUAL  shift, and go to state 267


State 112

  191 optattr: EXCEPTION_LEVEL . EQUAL exception_level_type

    EQUAL  shift, and go to state 268


State 113

  180 trustzone_type: TRUSTZONE .
  181               | TRUSTZONE . EQUAL TRUSTZONE_TYPE

    EQUAL  shift, and go to state 269

    $default  reduce using rule 180 (trustzone_type)


State 114

  241 numattr: ALIGNMENT . EQUAL expression

    EQUAL  shift, and go to state 270


State 115

  242 numattr: OFFSET . EQUAL expression

    EQUAL  shift, and go to state 271


State 116

  243 numattr: RESERVE_LEGACY . EQUAL expression

    EQUAL  shift, and go to state 272


State 117

  244 numattr: RESERVE . EQUAL expression

    EQUAL  shift, and go to state 273


State 118

  245 numattr: LOAD . EQUAL expression

    EQUAL  shift, and go to state 274


State 119

  246 numattr: STARTUP . EQUAL expression

    EQUAL  shift, and go to state 275


State 120

  247 numattr: BIGENDIAN .

    $default  reduce using rule 247 (numattr)


State 121

  248 numattr: A32_MODE .

    $default  reduce using rule 248 (numattr)


State 122

  198 optattr: SPK_ID . EQUAL expression

    EQUAL  shift, and go to state 276


State 123

  197 optattr: SPK_SELECT . EQUAL spkselect

    EQUAL  shift, and go to state 277


State 124

  203 optattr: REVOKE_ID . EQUAL expression

    EQUAL  shift, and go to state 278


State 125

  204 optattr: SPK_REVOKE_ID . EQUAL expression

    EQUAL  shift, and go to state 279


State 126

  165 boolattr: BOOT .

    $default  reduce using rule 165 (boolattr)


State 127

  166 boolattr: USER .

    $default  reduce using rule 166 (boolattr)


State 128

  167 boolattr: STATIC .

    $default  reduce using rule 167 (boolattr)


State 129

  168 boolattr: NOAUTOSTART .

    $default  reduce using rule 168 (boolattr)


State 130

  169 boolattr: MULTIBOOT .

    $default  reduce using rule 169 (boolattr)


State 131

  170 boolattr: PROTECTED .

    $default  reduce using rule 170 (boolattr)


State 132

  156 blocksattr_list: BLOCKS . EQUAL blocksattr

    EQUAL  shift, and go to state 280


State 133

  157 blocksattr_list: AUTHBLOCKS . EQUAL authblockattr

    EQUAL  shift, and go to state 281


State 134

  253 fileattr: PRESIGN . EQUAL filename

    EQUAL  shift, and go to state 282


State 135

  254 fileattr: AC . EQUAL filename

    EQUAL  shift, and go to state 283


State 136

  148 new_attribute: BIF_SECTION . EQUAL WORD

    EQUAL  shift, and go to state 284


State 137

  255 fileattr: UDF_DATA . EQUAL filename

    EQUAL  shift, and go to state 285


State 138

  206 optattr: SLR_NUM . EQUAL expression

    EQUAL  shift, and go to state 286


State 139

  207 optattr: CLUSTER_NUM . EQUAL expression

    EQUAL  shift, and go to state 287


State 140

  145 new_attribute: IMAGE_STORE . EQUAL expression

    EQUAL  shift, and go to state 288


State 141

  144 new_attribute: ID . EQUAL expression

    EQUAL  shift, and go to state 289


State 142

  209 optattr: DELAY_AUTH .

    $default  reduce using rule 209 (optattr)


State 143

  143 new_attribute: PFILE . EQUAL filename

    EQUAL  shift, and go to state 290


State 144

  210 optattr: TCM_BOOT .

    $default  reduce using rule 210 (optattr)


State 145

  250 numattr: TCM_A_REGION . EQUAL expression

    EQUAL  shift, and go to state 291


State 146

  251 numattr: TCM_B_REGION . EQUAL expression

    EQUAL  shift, and go to state 292


State 147

  252 numattr: TCM_C_REGION . EQUAL expression

    EQUAL  shift, and go to state 293


State 148

  202 optattr: KEYSRC_ENCRYPTION . EQUAL key_src

    EQUAL  shift, and go to state 294


State 149

  263 key_file: BH_KEY_IV .

    $default  reduce using rule 263 (key_file)


State 150

  270 other_files: PMCDATA .

    $default  reduce using rule 270 (other_files)


State 151

  175 boolattr: BOOTIMAGE .

    $default  reduce using rule 175 (boolattr)


State 152

  271 other_files: UDF_BH .

    $default  reduce using rule 271 (other_files)


State 153

  174 boolattr: INIT .

    $default  reduce using rule 174 (boolattr)


State 154

  269 other_files: PMUFW_IMAGE .

    $default  reduce using rule 269 (other_files)


State 155

  192 optattr: AES_KEY_FILE . EQUAL filename
  256 key_file: AES_KEY_FILE .

    EQUAL  shift, and go to state 295

    $default  reduce using rule 256 (key_file)


State 156

  193 optattr: PPK_FILE . EQUAL filename
  265 rsa_key_file: PPK_FILE .

    EQUAL  shift, and go to state 296

    $default  reduce using rule 265 (rsa_key_file)


State 157

  194 optattr: PSK_FILE . EQUAL filename
  266 rsa_key_file: PSK_FILE .

    EQUAL  shift, and go to state 297

    $default  reduce using rule 266 (rsa_key_file)


State 158

  195 optattr: SPK_FILE . EQUAL filename
  267 rsa_key_file: SPK_FILE .

    EQUAL  shift, and go to state 298

    $default  reduce using rule 267 (rsa_key_file)


State 159

  196 optattr: SSK_FILE . EQUAL filename
  268 rsa_key_file: SSK_FILE .

    EQUAL  shift, and go to state 299

    $default  reduce using rule 268 (rsa_key_file)


State 160

  199 optattr: SPK_SIGNATURE_FILE . EQUAL filename
  258 key_file: SPK_SIGNATURE_FILE .

    EQUAL  shift, and go to state 300

    $default  reduce using rule 258 (key_file)


State 161

  227 ptypevalue: PTYPEVALUE .

    $default  reduce using rule 227 (ptypevalue)


State 162

  208 optattr: PUFHD_LOC .

    $default  reduce using rule 208 (optattr)


State 163

  205 optattr: DPA_CM .

    $default  reduce using rule 205 (optattr)


State 164

  136 new_file_spec: OBRACE $@7 new_attribute_list . EBRACE

    EBRACE  shift, and go to state 301


State 165

  138 new_attribute_list: new_attribute .
  139                   | new_attribute . COMMA new_attribute_list
  141                   | new_attribute . new_attribute_list

    COMMA                  shift, and go to state 302
    BOOTLOADER             shift, and go to state 99
    XIP_MODE               shift, and go to state 100
    EARLY_HANDOFF          shift, and go to state 101
    HIVEC                  shift, and go to state 102
    LOCKSTEP               shift, and go to state 103
    AUTHENTICATION         shift, and go to state 104
    ENCRYPTION             shift, and go to state 105
    CHECKSUM               shift, and go to state 106
    PARTITION_OWNER        shift, and go to state 107
    PARTITION_TYPE         shift, and go to state 108
    PARTITION_NUM          shift, and go to state 109
    DEST_DEVICE            shift, and go to state 110
    DEST_CPU               shift, and go to state 111
    EXCEPTION_LEVEL        shift, and go to state 112
    TRUSTZONE              shift, and go to state 113
    ALIGNMENT              shift, and go to state 114
    OFFSET                 shift, and go to state 115
    RESERVE_LEGACY         shift, and go to state 116
    RESERVE                shift, and go to state 117
    LOAD                   shift, and go to state 118
    STARTUP                shift, and go to state 119
    BIGENDIAN              shift, and go to state 120
    A32_MODE               shift, and go to state 121
    SPK_ID                 shift, and go to state 122
    SPK_SELECT             shift, and go to state 123
    REVOKE_ID              shift, and go to state 124
    SPK_REVOKE_ID          shift, and go to state 125
    BOOT                   shift, and go to state 126
    USER                   shift, and go to state 127
    STATIC                 shift, and go to state 128
    NOAUTOSTART            shift, and go to state 129
    MULTIBOOT              shift, and go to state 130
    PROTECTED              shift, and go to state 131
    BLOCKS                 shift, and go to state 132
    AUTHBLOCKS             shift, and go to state 133
    PRESIGN                shift, and go to state 134
    AC                     shift, and go to state 135
    BIF_SECTION            shift, and go to state 136
    UDF_DATA               shift, and go to state 137
    SLR_NUM                shift, and go to state 138
    CLUSTER_NUM            shift, and go to state 139
    IMAGE_STORE            shift, and go to state 140
    ID                     shift, and go to state 141
    DELAY_AUTH             shift, and go to state 142
    PFILE                  shift, and go to state 143
    TCM_BOOT               shift, and go to state 144
    TCM_A_REGION           shift, and go to state 145
    TCM_B_REGION           shift, and go to state 146
    TCM_C_REGION           shift, and go to state 147
    KEYSRC_ENCRYPTION      shift, and go to state 148
    PUF_HELPER_FILE        shift, and go to state 37
    BH_KEY_FILE            shift, and go to state 38
    BH_KEY_IV              shift, and go to state 149
    PMCDATA                shift, and go to state 150
    BOOTIMAGE              shift, and go to state 151
    UDF_BH                 shift, and go to state 152
    INIT                   shift, and go to state 153
    PMUFW_IMAGE            shift, and go to state 154
    AES_KEY_FILE           shift, and go to state 155
    FAMILY_KEY             shift, and go to state 48
    PPK_FILE               shift, and go to state 156
    PSK_FILE               shift, and go to state 157
    SPK_FILE               shift, and go to state 158
    SSK_FILE               shift, and go to state 159
    SPK_SIGNATURE_FILE     shift, and go to state 160
    BH_SIGNATURE_FILE      shift, and go to state 54
    HEADER_SIGNATURE_FILE  shift, and go to state 55
    PTYPEVALUE             shift, and go to state 161
    PUFHD_LOC              shift, and go to state 162
    DPA_CM                 shift, and go to state 163

    $default  reduce using rule 138 (new_attribute_list)

    new_attribute_list  go to state 303
    new_attribute       go to state 165
    attribute           go to state 166
    blocksattr_list     go to state 167
    boolattr            go to state 168
    trustzone_type      go to state 169
    optattr             go to state 170
    ptypevalue          go to state 171
    numattr             go to state 172
    fileattr            go to state 173
    key_file            go to state 174
    rsa_key_file        go to state 67
    other_files         go to state 175


State 166

  137 new_attribute_list: attribute .
  140                   | attribute . COMMA new_attribute_list
  142                   | attribute . new_attribute_list

    COMMA                  shift, and go to state 304
    BOOTLOADER             shift, and go to state 99
    XIP_MODE               shift, and go to state 100
    EARLY_HANDOFF          shift, and go to state 101
    HIVEC                  shift, and go to state 102
    LOCKSTEP               shift, and go to state 103
    AUTHENTICATION         shift, and go to state 104
    ENCRYPTION             shift, and go to state 105
    CHECKSUM               shift, and go to state 106
    PARTITION_OWNER        shift, and go to state 107
    PARTITION_TYPE         shift, and go to state 108
    PARTITION_NUM          shift, and go to state 109
    DEST_DEVICE            shift, and go to state 110
    DEST_CPU               shift, and go to state 111
    EXCEPTION_LEVEL        shift, and go to state 112
    TRUSTZONE              shift, and go to state 113
    ALIGNMENT              shift, and go to state 114
    OFFSET                 shift, and go to state 115
    RESERVE_LEGACY         shift, and go to state 116
    RESERVE                shift, and go to state 117
    LOAD                   shift, and go to state 118
    STARTUP                shift, and go to state 119
    BIGENDIAN              shift, and go to state 120
    A32_MODE               shift, and go to state 121
    SPK_ID                 shift, and go to state 122
    SPK_SELECT             shift, and go to state 123
    REVOKE_ID              shift, and go to state 124
    SPK_REVOKE_ID          shift, and go to state 125
    BOOT                   shift, and go to state 126
    USER                   shift, and go to state 127
    STATIC                 shift, and go to state 128
    NOAUTOSTART            shift, and go to state 129
    MULTIBOOT              shift, and go to state 130
    PROTECTED              shift, and go to state 131
    BLOCKS                 shift, and go to state 132
    AUTHBLOCKS             shift, and go to state 133
    PRESIGN                shift, and go to state 134
    AC                     shift, and go to state 135
    BIF_SECTION            shift, and go to state 136
    UDF_DATA               shift, and go to state 137
    SLR_NUM                shift, and go to state 138
    CLUSTER_NUM            shift, and go to state 139
    IMAGE_STORE            shift, and go to state 140
    ID                     shift, and go to state 141
    DELAY_AUTH             shift, and go to state 142
    PFILE                  shift, and go to state 143
    TCM_BOOT               shift, and go to state 144
    TCM_A_REGION           shift, and go to state 145
    TCM_B_REGION           shift, and go to state 146
    TCM_C_REGION           shift, and go to state 147
    KEYSRC_ENCRYPTION      shift, and go to state 148
    PUF_HELPER_FILE        shift, and go to state 37
    BH_KEY_FILE            shift, and go to state 38
    BH_KEY_IV              shift, and go to state 149
    PMCDATA                shift, and go to state 150
    BOOTIMAGE              shift, and go to state 151
    UDF_BH                 shift, and go to state 152
    INIT                   shift, and go to state 153
    PMUFW_IMAGE            shift, and go to state 154
    AES_KEY_FILE           shift, and go to state 155
    FAMILY_KEY             shift, and go to state 48
    PPK_FILE               shift, and go to state 156
    PSK_FILE               shift, and go to state 157
    SPK_FILE               shift, and go to state 158
    SSK_FILE               shift, and go to state 159
    SPK_SIGNATURE_FILE     shift, and go to state 160
    BH_SIGNATURE_FILE      shift, and go to state 54
    HEADER_SIGNATURE_FILE  shift, and go to state 55
    PTYPEVALUE             shift, and go to state 161
    PUFHD_LOC              shift, and go to state 162
    DPA_CM                 shift, and go to state 163

    $default  reduce using rule 137 (new_attribute_list)

    new_attribute_list  go to state 305
    new_attribute       go to state 165
    attribute           go to state 166
    blocksattr_list     go to state 167
    boolattr            go to state 168
    trustzone_type      go to state 169
    optattr             go to state 170
    ptypevalue          go to state 171
    numattr             go to state 172
    fileattr            go to state 173
    key_file            go to state 174
    rsa_key_file        go to state 67
    other_files         go to state 175


State 167

  155 attribute: blocksattr_list .

    $default  reduce using rule 155 (attribute)


State 168

  151 attribute: boolattr .

    $default  reduce using rule 151 (attribute)


State 169

  200 optattr: trustzone_type .

    $default  reduce using rule 200 (optattr)


State 170

  152 attribute: optattr .

    $default  reduce using rule 152 (attribute)


State 171

  178 boolattr: ptypevalue .

    $default  reduce using rule 178 (boolattr)


State 172

  153 attribute: numattr .

    $default  reduce using rule 153 (attribute)


State 173

  154 attribute: fileattr .

    $default  reduce using rule 154 (attribute)


State 174

  176 boolattr: key_file .

    $default  reduce using rule 176 (boolattr)


State 175

  177 boolattr: other_files .

    $default  reduce using rule 177 (boolattr)


State 176

   90 other_spec: OBRACKET BOOT_DEVICE EBRACKET . boot_device_type

    BOOT_DEVICE_TYPE  shift, and go to state 188

    boot_device_type  go to state 306


State 177

   94 other_spec: OBRACKET BOOTVECTORS EBRACKET . bootvectors_list

    DECVALUE  shift, and go to state 193
    HEXVALUE  shift, and go to state 194
    PLUS      shift, and go to state 195
    NEGATION  shift, and go to state 196
    LPAREN    shift, and go to state 197

    bootvectors_list           go to state 307
    bootvector                 go to state 308
    number                     go to state 198
    unary_expression           go to state 199
    multiplicative_expression  go to state 200
    additive_expression        go to state 201
    shift_expression           go to state 202
    and_expression             go to state 203
    xor_expression             go to state 204
    expression                 go to state 309


State 178

   85 other_spec: OBRACKET KEYSRC_ENCRYPTION EBRACKET . key_src

    KEY_SRC  shift, and go to state 215

    key_src  go to state 310


State 179

   87 other_spec: OBRACKET FSBL_CONFIG $@5 . EBRACKET fsbl_attr_list

    EBRACKET  shift, and go to state 311


State 180

   92 other_spec: OBRACKET AUTH_PARAMS EBRACKET . auth_parameters

    PPK_SELECT   shift, and go to state 312
    SPK_ID       shift, and go to state 313
    SPK_SELECT   shift, and go to state 314
    HEADER_AUTH  shift, and go to state 315

    auth_parameters  go to state 316


State 181

   93 other_spec: OBRACKET SPLIT EBRACKET . split_options

    SPLIT_MODE  shift, and go to state 317
    SPLIT_FMT   shift, and go to state 318

    split_options  go to state 319


State 182

  201 optattr: PARTITION_TYPE . EQUAL ptypevalue

    EQUAL  shift, and go to state 320


State 183

  133 file_spec: OBRACKET $@6 attribute_list . EBRACKET filename

    EBRACKET  shift, and go to state 321


State 184

  149 attribute_list: attribute .
  150               | attribute . COMMA attribute_list

    COMMA  shift, and go to state 322

    $default  reduce using rule 149 (attribute_list)


State 185

   55 new_pdi_spec: PARTITION_TYPE EQUAL ptypevalue .

    $default  reduce using rule 55 (new_pdi_spec)


State 186

  104 sec_boot_attr: ADDRESS . EQUAL expression

    EQUAL  shift, and go to state 323


State 187

  103 sec_boot_attr: IMAGE_STORE .

    $default  reduce using rule 103 (sec_boot_attr)


State 188

  237 boot_device_type: BOOT_DEVICE_TYPE .

    $default  reduce using rule 237 (boot_device_type)


State 189

   89 other_spec: BOOT_DEVICE OBRACE sec_boot_attr_list . EBRACE

    EBRACE  shift, and go to state 324


State 190

  100 sec_boot_attr_list: sec_boot_attr .
  101                   | sec_boot_attr . COMMA sec_boot_attr_list

    COMMA  shift, and go to state 325

    $default  reduce using rule 100 (sec_boot_attr_list)


State 191

  102 sec_boot_attr: boot_device_type .

    $default  reduce using rule 102 (sec_boot_attr)


State 192

   91 other_spec: BOOT_DEVICE EQUAL boot_device_type .

    $default  reduce using rule 91 (other_spec)


State 193

  298 number: DECVALUE .

    $default  reduce using rule 298 (number)


State 194

  297 number: HEXVALUE .

    $default  reduce using rule 297 (number)


State 195

  301 unary_expression: PLUS . unary_expression

    DECVALUE  shift, and go to state 193
    HEXVALUE  shift, and go to state 194
    PLUS      shift, and go to state 195
    NEGATION  shift, and go to state 196
    LPAREN    shift, and go to state 197

    number            go to state 198
    unary_expression  go to state 326


State 196

  302 unary_expression: NEGATION . unary_expression

    DECVALUE  shift, and go to state 193
    HEXVALUE  shift, and go to state 194
    PLUS      shift, and go to state 195
    NEGATION  shift, and go to state 196
    LPAREN    shift, and go to state 197

    number            go to state 198
    unary_expression  go to state 327


State 197

  299 number: LPAREN . expression RPAREN

    DECVALUE  shift, and go to state 193
    HEXVALUE  shift, and go to state 194
    PLUS      shift, and go to state 195
    NEGATION  shift, and go to state 196
    LPAREN    shift, and go to state 197

    number                     go to state 198
    unary_expression           go to state 199
    multiplicative_expression  go to state 200
    additive_expression        go to state 201
    shift_expression           go to state 202
    and_expression             go to state 203
    xor_expression             go to state 204
    expression                 go to state 328


State 198

  300 unary_expression: number .

    $default  reduce using rule 300 (unary_expression)


State 199

  303 multiplicative_expression: unary_expression .

    $default  reduce using rule 303 (multiplicative_expression)


State 200

  304 multiplicative_expression: multiplicative_expression . MULT unary_expression
  305                          | multiplicative_expression . DIVIDE unary_expression
  306                          | multiplicative_expression . MODULO unary_expression
  307 additive_expression: multiplicative_expression .

    MULT    shift, and go to state 329
    DIVIDE  shift, and go to state 330
    MODULO  shift, and go to state 331

    $default  reduce using rule 307 (additive_expression)


State 201

  308 additive_expression: additive_expression . PLUS multiplicative_expression
  309                    | additive_expression . MINUS multiplicative_expression
  310 shift_expression: additive_expression .

    PLUS   shift, and go to state 332
    MINUS  shift, and go to state 333

    $default  reduce using rule 310 (shift_expression)


State 202

  311 shift_expression: shift_expression . LSHIFT additive_expression
  312                 | shift_expression . RSHIFT additive_expression
  313 and_expression: shift_expression .

    LSHIFT  shift, and go to state 334
    RSHIFT  shift, and go to state 335

    $default  reduce using rule 313 (and_expression)


State 203

  314 and_expression: and_expression . AND shift_expression
  315 xor_expression: and_expression .

    AND  shift, and go to state 336

    $default  reduce using rule 315 (xor_expression)


State 204

  316 xor_expression: xor_expression . XOR and_expression
  317 expression: xor_expression .

    XOR  shift, and go to state 337

    $default  reduce using rule 317 (expression)


State 205

   56 new_pdi_spec: REVOKE_ID EQUAL expression .
  318 expression: expression . OR xor_expression

    OR  shift, and go to state 338

    $default  reduce using rule 56 (new_pdi_spec)


State 206

   50 new_pdi_spec: PARENT_ID EQUAL expression .
  318 expression: expression . OR xor_expression

    OR  shift, and go to state 338

    $default  reduce using rule 50 (new_pdi_spec)


State 207

   51 new_pdi_spec: ID_CODE EQUAL expression .
  318 expression: expression . OR xor_expression

    OR  shift, and go to state 338

    $default  reduce using rule 51 (new_pdi_spec)


State 208

   52 new_pdi_spec: EXT_ID_CODE EQUAL expression .
  318 expression: expression . OR xor_expression

    OR  shift, and go to state 338

    $default  reduce using rule 52 (new_pdi_spec)


State 209

   60 image_list: IMAGE OBRACE $@4 . image_content EBRACE

    $default  reduce using rule 61 (image_content)

    image_content  go to state 339


State 210

   49 new_pdi_spec: ID EQUAL expression .
  318 expression: expression . OR xor_expression

    OR  shift, and go to state 338

    $default  reduce using rule 49 (new_pdi_spec)


State 211

   96 other_spec: OPTIONAL_DATA OBRACE optional_data . EBRACE

    EBRACE  shift, and go to state 340


State 212

   40 optional_data: optional_data_attr .
   41              | optional_data_attr . SEMICOLON optional_data

    SEMICOLON  shift, and go to state 341

    $default  reduce using rule 40 (optional_data)


State 213

   42 optional_data_attr: filename . COMMA ID EQUAL expression

    COMMA  shift, and go to state 342


State 214

   19 metahdr_spec: METAHEADER OBRACE $@3 . metahdr_attr_list EBRACE

    AUTHENTICATION      shift, and go to state 343
    ENCRYPTION          shift, and go to state 344
    CHECKSUM            shift, and go to state 345
    REVOKE_ID           shift, and go to state 346
    SPK_REVOKE_ID       shift, and go to state 347
    BLOCKS              shift, and go to state 348
    PRESIGN             shift, and go to state 349
    KEYSRC_ENCRYPTION   shift, and go to state 350
    AES_KEY_FILE        shift, and go to state 351
    PPK_FILE            shift, and go to state 352
    PSK_FILE            shift, and go to state 353
    SPK_FILE            shift, and go to state 354
    SSK_FILE            shift, and go to state 355
    SPK_SIGNATURE_FILE  shift, and go to state 356
    PUFHD_LOC           shift, and go to state 357
    DPA_CM              shift, and go to state 358

    AUTHENTICATION      [reduce using rule 23 (metahdr_attr)]
    ENCRYPTION          [reduce using rule 23 (metahdr_attr)]
    CHECKSUM            [reduce using rule 23 (metahdr_attr)]
    REVOKE_ID           [reduce using rule 23 (metahdr_attr)]
    SPK_REVOKE_ID       [reduce using rule 23 (metahdr_attr)]
    BLOCKS              [reduce using rule 23 (metahdr_attr)]
    PRESIGN             [reduce using rule 23 (metahdr_attr)]
    KEYSRC_ENCRYPTION   [reduce using rule 23 (metahdr_attr)]
    AES_KEY_FILE        [reduce using rule 23 (metahdr_attr)]
    PPK_FILE            [reduce using rule 23 (metahdr_attr)]
    PSK_FILE            [reduce using rule 23 (metahdr_attr)]
    SPK_FILE            [reduce using rule 23 (metahdr_attr)]
    SSK_FILE            [reduce using rule 23 (metahdr_attr)]
    SPK_SIGNATURE_FILE  [reduce using rule 23 (metahdr_attr)]
    PUFHD_LOC           [reduce using rule 23 (metahdr_attr)]
    DPA_CM              [reduce using rule 23 (metahdr_attr)]
    $default            reduce using rule 23 (metahdr_attr)

    metahdr_attr_list  go to state 359
    metahdr_attr       go to state 360


State 215

  228 key_src: KEY_SRC .

    $default  reduce using rule 228 (key_src)


State 216

   54 new_pdi_spec: KEYSRC_ENCRYPTION EQUAL key_src .

    $default  reduce using rule 54 (new_pdi_spec)


State 217

  131 fsbl_attr: DICE .

    $default  reduce using rule 131 (fsbl_attr)


State 218

  127 fsbl_attr: BYPASS_IDCODE_CHECK .

    $default  reduce using rule 127 (fsbl_attr)


State 219

  128 fsbl_attr: A_HWROT .

    $default  reduce using rule 128 (fsbl_attr)


State 220

  129 fsbl_attr: S_HWROT .

    $default  reduce using rule 129 (fsbl_attr)


State 221

  123 fsbl_attr: PUF4KMODE .

    $default  reduce using rule 123 (fsbl_attr)


State 222

  130 fsbl_attr: PUFROSWAP . EQUAL expression

    EQUAL  shift, and go to state 361


State 223

  124 fsbl_attr: SHUTTER . EQUAL expression

    EQUAL  shift, and go to state 362


State 224

  126 fsbl_attr: SMAP_WIDTH . EQUAL expression

    EQUAL  shift, and go to state 363


State 225

  229 core: CORE .

    $default  reduce using rule 229 (core)


State 226

  230 bh_rsa: BH_RSA .

    $default  reduce using rule 230 (bh_rsa)


State 227

  232 auth_hash: AUTH_HASH .

    $default  reduce using rule 232 (auth_hash)


State 228

  233 int_hash: INT_HASH .

    $default  reduce using rule 233 (int_hash)


State 229

  234 pufhd_loc: PUFHD_LOC .

    $default  reduce using rule 234 (pufhd_loc)


State 230

  235 opt_key: OPT_KEY .

    $default  reduce using rule 235 (opt_key)


State 231

  236 auth_only: AUTH_ONLY .

    $default  reduce using rule 236 (auth_only)


State 232

  231 dpa_cm: DPA_CM .

    $default  reduce using rule 231 (dpa_cm)


State 233

   88 other_spec: FSBL_CONFIG OBRACE fsbl_attr_list . EBRACE

    EBRACE  shift, and go to state 364


State 234

  105 fsbl_attr_list: fsbl_attr .
  106               | fsbl_attr . COMMA fsbl_attr_list
  107               | fsbl_attr . fsbl_attr_list

    COMMA                shift, and go to state 365
    DICE                 shift, and go to state 217
    BYPASS_IDCODE_CHECK  shift, and go to state 218
    A_HWROT              shift, and go to state 219
    S_HWROT              shift, and go to state 220
    PUF4KMODE            shift, and go to state 221
    PUFROSWAP            shift, and go to state 222
    SHUTTER              shift, and go to state 223
    SMAP_WIDTH           shift, and go to state 224
    CORE                 shift, and go to state 225
    BH_RSA               shift, and go to state 226
    AUTH_HASH            shift, and go to state 227
    INT_HASH             shift, and go to state 228
    PUFHD_LOC            shift, and go to state 229
    OPT_KEY              shift, and go to state 230
    AUTH_ONLY            shift, and go to state 231
    DPA_CM               shift, and go to state 232

    $default  reduce using rule 105 (fsbl_attr_list)

    fsbl_attr_list  go to state 366
    fsbl_attr       go to state 234
    core            go to state 235
    bh_rsa          go to state 236
    dpa_cm          go to state 237
    auth_hash       go to state 238
    int_hash        go to state 239
    pufhd_loc       go to state 240
    opt_key         go to state 241
    auth_only       go to state 242


State 235

  116 fsbl_attr: core .

    $default  reduce using rule 116 (fsbl_attr)


State 236

  117 fsbl_attr: bh_rsa .

    $default  reduce using rule 117 (fsbl_attr)


State 237

  125 fsbl_attr: dpa_cm .

    $default  reduce using rule 125 (fsbl_attr)


State 238

  118 fsbl_attr: auth_hash .

    $default  reduce using rule 118 (fsbl_attr)


State 239

  119 fsbl_attr: int_hash .

    $default  reduce using rule 119 (fsbl_attr)


State 240

  120 fsbl_attr: pufhd_loc .

    $default  reduce using rule 120 (fsbl_attr)


State 241

  122 fsbl_attr: opt_key .

    $default  reduce using rule 122 (fsbl_attr)


State 242

  121 fsbl_attr: auth_only .

    $default  reduce using rule 121 (fsbl_attr)


State 243

  111 authjtag_attr: REVOKE_ID . EQUAL expression

    EQUAL  shift, and go to state 367


State 244

  112 authjtag_attr: SPK_REVOKE_ID . EQUAL expression

    EQUAL  shift, and go to state 368


State 245

  113 authjtag_attr: DEVICE_DNA . EQUAL HEXWORD

    EQUAL  shift, and go to state 369


State 246

  114 authjtag_attr: JTAG_TIMEOUT . EQUAL expression

    EQUAL  shift, and go to state 370


State 247

  115 authjtag_attr: AUTHJTAG_SIGN . EQUAL filename

    EQUAL  shift, and go to state 371


State 248

   95 other_spec: AUTHJTAG_CONFIG OBRACE authjtag_attr_list . EBRACE

    EBRACE  shift, and go to state 372


State 249

  108 authjtag_attr_list: authjtag_attr .
  109                   | authjtag_attr . COMMA authjtag_attr_list
  110                   | authjtag_attr . authjtag_attr_list

    COMMA          shift, and go to state 373
    REVOKE_ID      shift, and go to state 243
    SPK_REVOKE_ID  shift, and go to state 244
    DEVICE_DNA     shift, and go to state 245
    JTAG_TIMEOUT   shift, and go to state 246
    AUTHJTAG_SIGN  shift, and go to state 247

    $default  reduce using rule 108 (authjtag_attr_list)

    authjtag_attr_list  go to state 374
    authjtag_attr       go to state 249


State 250

  284 lms_params_string_list: WORD .

    $default  reduce using rule 284 (lms_params_string_list)


State 251

  280 lms_params_attr: LMS_HASH . EQUAL hashfunc

    EQUAL  shift, and go to state 375


State 252

  282 lms_params_attr: LMS_H . EQUAL expression

    EQUAL  shift, and go to state 376


State 253

  281 lms_params_attr: LMS_W . EQUAL expression

    EQUAL  shift, and go to state 377


State 254

  287 lms_params_string_type_list: AUTH_KEY_LEVEL . OBRACE $@8 lms_params_string_list EBRACE

    OBRACE  shift, and go to state 378


State 255

   97 other_spec: LMS_KEY_PARAMS OBRACE lms_params_list . EBRACE

    EBRACE  shift, and go to state 379


State 256

  278 lms_params_list: lms_params_attr .
  279                | lms_params_attr . SEMICOLON lms_params_attr

    SEMICOLON  shift, and go to state 380

    $default  reduce using rule 278 (lms_params_list)


State 257

   98 other_spec: LMS_KEY_PARAMS OBRACE lms_params_string_list . EBRACE
  285 lms_params_string_list: lms_params_string_list . COMMA lms_params_string_list

    EBRACE  shift, and go to state 381
    COMMA   shift, and go to state 382


State 258

   99 other_spec: LMS_KEY_PARAMS OBRACE lms_params_string_type_list . EBRACE
  288 lms_params_string_type_list: lms_params_string_type_list . lms_params_string_type_list

    EBRACE          shift, and go to state 383
    AUTH_KEY_LEVEL  shift, and go to state 254

    lms_params_string_type_list  go to state 384


State 259

   53 new_pdi_spec: other_file_attr EQUAL filename .

    $default  reduce using rule 53 (new_pdi_spec)


State 260

  185 optattr: AUTHENTICATION EQUAL . authvalue

    NONE       shift, and go to state 385
    AUTHVALUE  shift, and go to state 386

    authvalue  go to state 387


State 261

  186 optattr: ENCRYPTION EQUAL . encrvalue

    NONE       shift, and go to state 388
    ENCRVALUE  shift, and go to state 389

    encrvalue  go to state 390


State 262

  187 optattr: CHECKSUM EQUAL . checkvalue

    NONE           shift, and go to state 391
    CHECKSUMVALUE  shift, and go to state 392

    checkvalue  go to state 393


State 263

  188 optattr: PARTITION_OWNER EQUAL . pownervalue

    POWNERVALUE  shift, and go to state 394

    pownervalue  go to state 395


State 264

  146 new_attribute: PARTITION_TYPE EQUAL . boolattr
  147              | PARTITION_TYPE EQUAL . PMCDATA
  201 optattr: PARTITION_TYPE EQUAL . ptypevalue

    BOOTLOADER             shift, and go to state 99
    XIP_MODE               shift, and go to state 100
    EARLY_HANDOFF          shift, and go to state 101
    HIVEC                  shift, and go to state 102
    LOCKSTEP               shift, and go to state 103
    BOOT                   shift, and go to state 126
    USER                   shift, and go to state 127
    STATIC                 shift, and go to state 128
    NOAUTOSTART            shift, and go to state 129
    MULTIBOOT              shift, and go to state 130
    PROTECTED              shift, and go to state 131
    PUF_HELPER_FILE        shift, and go to state 37
    BH_KEY_FILE            shift, and go to state 38
    BH_KEY_IV              shift, and go to state 149
    PMCDATA                shift, and go to state 396
    BOOTIMAGE              shift, and go to state 151
    UDF_BH                 shift, and go to state 152
    INIT                   shift, and go to state 153
    PMUFW_IMAGE            shift, and go to state 154
    AES_KEY_FILE           shift, and go to state 47
    FAMILY_KEY             shift, and go to state 48
    PPK_FILE               shift, and go to state 49
    PSK_FILE               shift, and go to state 50
    SPK_FILE               shift, and go to state 51
    SSK_FILE               shift, and go to state 52
    SPK_SIGNATURE_FILE     shift, and go to state 53
    BH_SIGNATURE_FILE      shift, and go to state 54
    HEADER_SIGNATURE_FILE  shift, and go to state 55
    PTYPEVALUE             shift, and go to state 161

    boolattr      go to state 397
    ptypevalue    go to state 398
    key_file      go to state 174
    rsa_key_file  go to state 67
    other_files   go to state 175


State 265

  249 numattr: PARTITION_NUM EQUAL . expression

    DECVALUE  shift, and go to state 193
    HEXVALUE  shift, and go to state 194
    PLUS      shift, and go to state 195
    NEGATION  shift, and go to state 196
    LPAREN    shift, and go to state 197

    number                     go to state 198
    unary_expression           go to state 199
    multiplicative_expression  go to state 200
    additive_expression        go to state 201
    shift_expression           go to state 202
    and_expression             go to state 203
    xor_expression             go to state 204
    expression                 go to state 399


State 266

  190 optattr: DEST_DEVICE EQUAL . dest_device_type

    DEST_DEVICE_TYPE  shift, and go to state 400

    dest_device_type  go to state 401


State 267

  189 optattr: DEST_CPU EQUAL . dest_cpu_type

    DEST_CPU_TYPE  shift, and go to state 402

    dest_cpu_type  go to state 403


State 268

  191 optattr: EXCEPTION_LEVEL EQUAL . exception_level_type

    EXCEPTION_LEVEL_TYPE  shift, and go to state 404

    exception_level_type  go to state 405


State 269

  181 trustzone_type: TRUSTZONE EQUAL . TRUSTZONE_TYPE

    TRUSTZONE_TYPE  shift, and go to state 406


State 270

  241 numattr: ALIGNMENT EQUAL . expression

    DECVALUE  shift, and go to state 193
    HEXVALUE  shift, and go to state 194
    PLUS      shift, and go to state 195
    NEGATION  shift, and go to state 196
    LPAREN    shift, and go to state 197

    number                     go to state 198
    unary_expression           go to state 199
    multiplicative_expression  go to state 200
    additive_expression        go to state 201
    shift_expression           go to state 202
    and_expression             go to state 203
    xor_expression             go to state 204
    expression                 go to state 407


State 271

  242 numattr: OFFSET EQUAL . expression

    DECVALUE  shift, and go to state 193
    HEXVALUE  shift, and go to state 194
    PLUS      shift, and go to state 195
    NEGATION  shift, and go to state 196
    LPAREN    shift, and go to state 197

    number                     go to state 198
    unary_expression           go to state 199
    multiplicative_expression  go to state 200
    additive_expression        go to state 201
    shift_expression           go to state 202
    and_expression             go to state 203
    xor_expression             go to state 204
    expression                 go to state 408


State 272

  243 numattr: RESERVE_LEGACY EQUAL . expression

    DECVALUE  shift, and go to state 193
    HEXVALUE  shift, and go to state 194
    PLUS      shift, and go to state 195
    NEGATION  shift, and go to state 196
    LPAREN    shift, and go to state 197

    number                     go to state 198
    unary_expression           go to state 199
    multiplicative_expression  go to state 200
    additive_expression        go to state 201
    shift_expression           go to state 202
    and_expression             go to state 203
    xor_expression             go to state 204
    expression                 go to state 409


State 273

  244 numattr: RESERVE EQUAL . expression

    DECVALUE  shift, and go to state 193
    HEXVALUE  shift, and go to state 194
    PLUS      shift, and go to state 195
    NEGATION  shift, and go to state 196
    LPAREN    shift, and go to state 197

    number                     go to state 198
    unary_expression           go to state 199
    multiplicative_expression  go to state 200
    additive_expression        go to state 201
    shift_expression           go to state 202
    and_expression             go to state 203
    xor_expression             go to state 204
    expression                 go to state 410


State 274

  245 numattr: LOAD EQUAL . expression

    DECVALUE  shift, and go to state 193
    HEXVALUE  shift, and go to state 194
    PLUS      shift, and go to state 195
    NEGATION  shift, and go to state 196
    LPAREN    shift, and go to state 197

    number                     go to state 198
    unary_expression           go to state 199
    multiplicative_expression  go to state 200
    additive_expression        go to state 201
    shift_expression           go to state 202
    and_expression             go to state 203
    xor_expression             go to state 204
    expression                 go to state 411


State 275

  246 numattr: STARTUP EQUAL . expression

    DECVALUE  shift, and go to state 193
    HEXVALUE  shift, and go to state 194
    PLUS      shift, and go to state 195
    NEGATION  shift, and go to state 196
    LPAREN    shift, and go to state 197

    number                     go to state 198
    unary_expression           go to state 199
    multiplicative_expression  go to state 200
    additive_expression        go to state 201
    shift_expression           go to state 202
    and_expression             go to state 203
    xor_expression             go to state 204
    expression                 go to state 412


State 276

  198 optattr: SPK_ID EQUAL . expression

    DECVALUE  shift, and go to state 193
    HEXVALUE  shift, and go to state 194
    PLUS      shift, and go to state 195
    NEGATION  shift, and go to state 196
    LPAREN    shift, and go to state 197

    number                     go to state 198
    unary_expression           go to state 199
    multiplicative_expression  go to state 200
    additive_expression        go to state 201
    shift_expression           go to state 202
    and_expression             go to state 203
    xor_expression             go to state 204
    expression                 go to state 413


State 277

  197 optattr: SPK_SELECT EQUAL . spkselect

    SPKSELECT  shift, and go to state 414

    spkselect  go to state 415


State 278

  203 optattr: REVOKE_ID EQUAL . expression

    DECVALUE  shift, and go to state 193
    HEXVALUE  shift, and go to state 194
    PLUS      shift, and go to state 195
    NEGATION  shift, and go to state 196
    LPAREN    shift, and go to state 197

    number                     go to state 198
    unary_expression           go to state 199
    multiplicative_expression  go to state 200
    additive_expression        go to state 201
    shift_expression           go to state 202
    and_expression             go to state 203
    xor_expression             go to state 204
    expression                 go to state 416


State 279

  204 optattr: SPK_REVOKE_ID EQUAL . expression

    DECVALUE  shift, and go to state 193
    HEXVALUE  shift, and go to state 194
    PLUS      shift, and go to state 195
    NEGATION  shift, and go to state 196
    LPAREN    shift, and go to state 197

    number                     go to state 198
    unary_expression           go to state 199
    multiplicative_expression  go to state 200
    additive_expression        go to state 201
    shift_expression           go to state 202
    and_expression             go to state 203
    xor_expression             go to state 204
    expression                 go to state 417


State 280

  156 blocksattr_list: BLOCKS EQUAL . blocksattr

    DECVALUE  shift, and go to state 193
    HEXVALUE  shift, and go to state 194
    PLUS      shift, and go to state 195
    NEGATION  shift, and go to state 196
    LPAREN    shift, and go to state 197

    blocksattr                 go to state 418
    blockattr                  go to state 419
    number                     go to state 198
    unary_expression           go to state 199
    multiplicative_expression  go to state 200
    additive_expression        go to state 201
    shift_expression           go to state 202
    and_expression             go to state 203
    xor_expression             go to state 204
    expression                 go to state 420


State 281

  157 blocksattr_list: AUTHBLOCKS EQUAL . authblockattr

    DECVALUE  shift, and go to state 193
    HEXVALUE  shift, and go to state 194
    PLUS      shift, and go to state 195
    NEGATION  shift, and go to state 196
    LPAREN    shift, and go to state 197

    authblockattr              go to state 421
    number                     go to state 198
    unary_expression           go to state 199
    multiplicative_expression  go to state 200
    additive_expression        go to state 201
    shift_expression           go to state 202
    and_expression             go to state 203
    xor_expression             go to state 204
    expression                 go to state 422


State 282

  253 fileattr: PRESIGN EQUAL . filename

    FILENAME   shift, and go to state 10
    QFILENAME  shift, and go to state 11

    filename  go to state 423


State 283

  254 fileattr: AC EQUAL . filename

    FILENAME   shift, and go to state 10
    QFILENAME  shift, and go to state 11

    filename  go to state 424


State 284

  148 new_attribute: BIF_SECTION EQUAL . WORD

    WORD  shift, and go to state 425


State 285

  255 fileattr: UDF_DATA EQUAL . filename

    FILENAME   shift, and go to state 10
    QFILENAME  shift, and go to state 11

    filename  go to state 426


State 286

  206 optattr: SLR_NUM EQUAL . expression

    DECVALUE  shift, and go to state 193
    HEXVALUE  shift, and go to state 194
    PLUS      shift, and go to state 195
    NEGATION  shift, and go to state 196
    LPAREN    shift, and go to state 197

    number                     go to state 198
    unary_expression           go to state 199
    multiplicative_expression  go to state 200
    additive_expression        go to state 201
    shift_expression           go to state 202
    and_expression             go to state 203
    xor_expression             go to state 204
    expression                 go to state 427


State 287

  207 optattr: CLUSTER_NUM EQUAL . expression

    DECVALUE  shift, and go to state 193
    HEXVALUE  shift, and go to state 194
    PLUS      shift, and go to state 195
    NEGATION  shift, and go to state 196
    LPAREN    shift, and go to state 197

    number                     go to state 198
    unary_expression           go to state 199
    multiplicative_expression  go to state 200
    additive_expression        go to state 201
    shift_expression           go to state 202
    and_expression             go to state 203
    xor_expression             go to state 204
    expression                 go to state 428


State 288

  145 new_attribute: IMAGE_STORE EQUAL . expression

    DECVALUE  shift, and go to state 193
    HEXVALUE  shift, and go to state 194
    PLUS      shift, and go to state 195
    NEGATION  shift, and go to state 196
    LPAREN    shift, and go to state 197

    number                     go to state 198
    unary_expression           go to state 199
    multiplicative_expression  go to state 200
    additive_expression        go to state 201
    shift_expression           go to state 202
    and_expression             go to state 203
    xor_expression             go to state 204
    expression                 go to state 429


State 289

  144 new_attribute: ID EQUAL . expression

    DECVALUE  shift, and go to state 193
    HEXVALUE  shift, and go to state 194
    PLUS      shift, and go to state 195
    NEGATION  shift, and go to state 196
    LPAREN    shift, and go to state 197

    number                     go to state 198
    unary_expression           go to state 199
    multiplicative_expression  go to state 200
    additive_expression        go to state 201
    shift_expression           go to state 202
    and_expression             go to state 203
    xor_expression             go to state 204
    expression                 go to state 430


State 290

  143 new_attribute: PFILE EQUAL . filename

    FILENAME   shift, and go to state 10
    QFILENAME  shift, and go to state 11

    filename  go to state 431


State 291

  250 numattr: TCM_A_REGION EQUAL . expression

    DECVALUE  shift, and go to state 193
    HEXVALUE  shift, and go to state 194
    PLUS      shift, and go to state 195
    NEGATION  shift, and go to state 196
    LPAREN    shift, and go to state 197

    number                     go to state 198
    unary_expression           go to state 199
    multiplicative_expression  go to state 200
    additive_expression        go to state 201
    shift_expression           go to state 202
    and_expression             go to state 203
    xor_expression             go to state 204
    expression                 go to state 432


State 292

  251 numattr: TCM_B_REGION EQUAL . expression

    DECVALUE  shift, and go to state 193
    HEXVALUE  shift, and go to state 194
    PLUS      shift, and go to state 195
    NEGATION  shift, and go to state 196
    LPAREN    shift, and go to state 197

    number                     go to state 198
    unary_expression           go to state 199
    multiplicative_expression  go to state 200
    additive_expression        go to state 201
    shift_expression           go to state 202
    and_expression             go to state 203
    xor_expression             go to state 204
    expression                 go to state 433


State 293

  252 numattr: TCM_C_REGION EQUAL . expression

    DECVALUE  shift, and go to state 193
    HEXVALUE  shift, and go to state 194
    PLUS      shift, and go to state 195
    NEGATION  shift, and go to state 196
    LPAREN    shift, and go to state 197

    number                     go to state 198
    unary_expression           go to state 199
    multiplicative_expression  go to state 200
    additive_expression        go to state 201
    shift_expression           go to state 202
    and_expression             go to state 203
    xor_expression             go to state 204
    expression                 go to state 434


State 294

  202 optattr: KEYSRC_ENCRYPTION EQUAL . key_src

    KEY_SRC  shift, and go to state 215

    key_src  go to state 435


State 295

  192 optattr: AES_KEY_FILE EQUAL . filename

    FILENAME   shift, and go to state 10
    QFILENAME  shift, and go to state 11

    filename  go to state 436


State 296

  193 optattr: PPK_FILE EQUAL . filename

    FILENAME   shift, and go to state 10
    QFILENAME  shift, and go to state 11

    filename  go to state 437


State 297

  194 optattr: PSK_FILE EQUAL . filename

    FILENAME   shift, and go to state 10
    QFILENAME  shift, and go to state 11

    filename  go to state 438


State 298

  195 optattr: SPK_FILE EQUAL . filename

    FILENAME   shift, and go to state 10
    QFILENAME  shift, and go to state 11

    filename  go to state 439


State 299

  196 optattr: SSK_FILE EQUAL . filename

    FILENAME   shift, and go to state 10
    QFILENAME  shift, and go to state 11

    filename  go to state 440


State 300

  199 optattr: SPK_SIGNATURE_FILE EQUAL . filename

    FILENAME   shift, and go to state 10
    QFILENAME  shift, and go to state 11

    filename  go to state 441


State 301

  136 new_file_spec: OBRACE $@7 new_attribute_list EBRACE .

    $default  reduce using rule 136 (new_file_spec)


State 302

  139 new_attribute_list: new_attribute COMMA . new_attribute_list

    BOOTLOADER             shift, and go to state 99
    XIP_MODE               shift, and go to state 100
    EARLY_HANDOFF          shift, and go to state 101
    HIVEC                  shift, and go to state 102
    LOCKSTEP               shift, and go to state 103
    AUTHENTICATION         shift, and go to state 104
    ENCRYPTION             shift, and go to state 105
    CHECKSUM               shift, and go to state 106
    PARTITION_OWNER        shift, and go to state 107
    PARTITION_TYPE         shift, and go to state 108
    PARTITION_NUM          shift, and go to state 109
    DEST_DEVICE            shift, and go to state 110
    DEST_CPU               shift, and go to state 111
    EXCEPTION_LEVEL        shift, and go to state 112
    TRUSTZONE              shift, and go to state 113
    ALIGNMENT              shift, and go to state 114
    OFFSET                 shift, and go to state 115
    RESERVE_LEGACY         shift, and go to state 116
    RESERVE                shift, and go to state 117
    LOAD                   shift, and go to state 118
    STARTUP                shift, and go to state 119
    BIGENDIAN              shift, and go to state 120
    A32_MODE               shift, and go to state 121
    SPK_ID                 shift, and go to state 122
    SPK_SELECT             shift, and go to state 123
    REVOKE_ID              shift, and go to state 124
    SPK_REVOKE_ID          shift, and go to state 125
    BOOT                   shift, and go to state 126
    USER                   shift, and go to state 127
    STATIC                 shift, and go to state 128
    NOAUTOSTART            shift, and go to state 129
    MULTIBOOT              shift, and go to state 130
    PROTECTED              shift, and go to state 131
    BLOCKS                 shift, and go to state 132
    AUTHBLOCKS             shift, and go to state 133
    PRESIGN                shift, and go to state 134
    AC                     shift, and go to state 135
    BIF_SECTION            shift, and go to state 136
    UDF_DATA               shift, and go to state 137
    SLR_NUM                shift, and go to state 138
    CLUSTER_NUM            shift, and go to state 139
    IMAGE_STORE            shift, and go to state 140
    ID                     shift, and go to state 141
    DELAY_AUTH             shift, and go to state 142
    PFILE                  shift, and go to state 143
    TCM_BOOT               shift, and go to state 144
    TCM_A_REGION           shift, and go to state 145
    TCM_B_REGION           shift, and go to state 146
    TCM_C_REGION           shift, and go to state 147
    KEYSRC_ENCRYPTION      shift, and go to state 148
    PUF_HELPER_FILE        shift, and go to state 37
    BH_KEY_FILE            shift, and go to state 38
    BH_KEY_IV              shift, and go to state 149
    PMCDATA                shift, and go to state 150
    BOOTIMAGE              shift, and go to state 151
    UDF_BH                 shift, and go to state 152
    INIT                   shift, and go to state 153
    PMUFW_IMAGE            shift, and go to state 154
    AES_KEY_FILE           shift, and go to state 155
    FAMILY_KEY             shift, and go to state 48
    PPK_FILE               shift, and go to state 156
    PSK_FILE               shift, and go to state 157
    SPK_FILE               shift, and go to state 158
    SSK_FILE               shift, and go to state 159
    SPK_SIGNATURE_FILE     shift, and go to state 160
    BH_SIGNATURE_FILE      shift, and go to state 54
    HEADER_SIGNATURE_FILE  shift, and go to state 55
    PTYPEVALUE             shift, and go to state 161
    PUFHD_LOC              shift, and go to state 162
    DPA_CM                 shift, and go to state 163

    new_attribute_list  go to state 442
    new_attribute       go to state 165
    attribute           go to state 166
    blocksattr_list     go to state 167
    boolattr            go to state 168
    trustzone_type      go to state 169
    optattr             go to state 170
    ptypevalue          go to state 171
    numattr             go to state 172
    fileattr            go to state 173
    key_file            go to state 174
    rsa_key_file        go to state 67
    other_files         go to state 175


State 303

  141 new_attribute_list: new_attribute new_attribute_list .

    $default  reduce using rule 141 (new_attribute_list)


State 304

  140 new_attribute_list: attribute COMMA . new_attribute_list

    BOOTLOADER             shift, and go to state 99
    XIP_MODE               shift, and go to state 100
    EARLY_HANDOFF          shift, and go to state 101
    HIVEC                  shift, and go to state 102
    LOCKSTEP               shift, and go to state 103
    AUTHENTICATION         shift, and go to state 104
    ENCRYPTION             shift, and go to state 105
    CHECKSUM               shift, and go to state 106
    PARTITION_OWNER        shift, and go to state 107
    PARTITION_TYPE         shift, and go to state 108
    PARTITION_NUM          shift, and go to state 109
    DEST_DEVICE            shift, and go to state 110
    DEST_CPU               shift, and go to state 111
    EXCEPTION_LEVEL        shift, and go to state 112
    TRUSTZONE              shift, and go to state 113
    ALIGNMENT              shift, and go to state 114
    OFFSET                 shift, and go to state 115
    RESERVE_LEGACY         shift, and go to state 116
    RESERVE                shift, and go to state 117
    LOAD                   shift, and go to state 118
    STARTUP                shift, and go to state 119
    BIGENDIAN              shift, and go to state 120
    A32_MODE               shift, and go to state 121
    SPK_ID                 shift, and go to state 122
    SPK_SELECT             shift, and go to state 123
    REVOKE_ID              shift, and go to state 124
    SPK_REVOKE_ID          shift, and go to state 125
    BOOT                   shift, and go to state 126
    USER                   shift, and go to state 127
    STATIC                 shift, and go to state 128
    NOAUTOSTART            shift, and go to state 129
    MULTIBOOT              shift, and go to state 130
    PROTECTED              shift, and go to state 131
    BLOCKS                 shift, and go to state 132
    AUTHBLOCKS             shift, and go to state 133
    PRESIGN                shift, and go to state 134
    AC                     shift, and go to state 135
    BIF_SECTION            shift, and go to state 136
    UDF_DATA               shift, and go to state 137
    SLR_NUM                shift, and go to state 138
    CLUSTER_NUM            shift, and go to state 139
    IMAGE_STORE            shift, and go to state 140
    ID                     shift, and go to state 141
    DELAY_AUTH             shift, and go to state 142
    PFILE                  shift, and go to state 143
    TCM_BOOT               shift, and go to state 144
    TCM_A_REGION           shift, and go to state 145
    TCM_B_REGION           shift, and go to state 146
    TCM_C_REGION           shift, and go to state 147
    KEYSRC_ENCRYPTION      shift, and go to state 148
    PUF_HELPER_FILE        shift, and go to state 37
    BH_KEY_FILE            shift, and go to state 38
    BH_KEY_IV              shift, and go to state 149
    PMCDATA                shift, and go to state 150
    BOOTIMAGE              shift, and go to state 151
    UDF_BH                 shift, and go to state 152
    INIT                   shift, and go to state 153
    PMUFW_IMAGE            shift, and go to state 154
    AES_KEY_FILE           shift, and go to state 155
    FAMILY_KEY             shift, and go to state 48
    PPK_FILE               shift, and go to state 156
    PSK_FILE               shift, and go to state 157
    SPK_FILE               shift, and go to state 158
    SSK_FILE               shift, and go to state 159
    SPK_SIGNATURE_FILE     shift, and go to state 160
    BH_SIGNATURE_FILE      shift, and go to state 54
    HEADER_SIGNATURE_FILE  shift, and go to state 55
    PTYPEVALUE             shift, and go to state 161
    PUFHD_LOC              shift, and go to state 162
    DPA_CM                 shift, and go to state 163

    new_attribute_list  go to state 443
    new_attribute       go to state 165
    attribute           go to state 166
    blocksattr_list     go to state 167
    boolattr            go to state 168
    trustzone_type      go to state 169
    optattr             go to state 170
    ptypevalue          go to state 171
    numattr             go to state 172
    fileattr            go to state 173
    key_file            go to state 174
    rsa_key_file        go to state 67
    other_files         go to state 175


State 305

  142 new_attribute_list: attribute new_attribute_list .

    $default  reduce using rule 142 (new_attribute_list)


State 306

   90 other_spec: OBRACKET BOOT_DEVICE EBRACKET boot_device_type .

    $default  reduce using rule 90 (other_spec)


State 307

   94 other_spec: OBRACKET BOOTVECTORS EBRACKET bootvectors_list .

    $default  reduce using rule 94 (other_spec)


State 308

  160 bootvectors_list: bootvector .
  161                 | bootvector . COMMA bootvectors_list

    COMMA  shift, and go to state 444

    $default  reduce using rule 160 (bootvectors_list)


State 309

  162 bootvector: expression .
  318 expression: expression . OR xor_expression

    OR  shift, and go to state 338

    $default  reduce using rule 162 (bootvector)


State 310

   85 other_spec: OBRACKET KEYSRC_ENCRYPTION EBRACKET key_src .

    $default  reduce using rule 85 (other_spec)


State 311

   87 other_spec: OBRACKET FSBL_CONFIG $@5 EBRACKET . fsbl_attr_list

    DICE                 shift, and go to state 217
    BYPASS_IDCODE_CHECK  shift, and go to state 218
    A_HWROT              shift, and go to state 219
    S_HWROT              shift, and go to state 220
    PUF4KMODE            shift, and go to state 221
    PUFROSWAP            shift, and go to state 222
    SHUTTER              shift, and go to state 223
    SMAP_WIDTH           shift, and go to state 224
    CORE                 shift, and go to state 225
    BH_RSA               shift, and go to state 226
    AUTH_HASH            shift, and go to state 227
    INT_HASH             shift, and go to state 228
    PUFHD_LOC            shift, and go to state 229
    OPT_KEY              shift, and go to state 230
    AUTH_ONLY            shift, and go to state 231
    DPA_CM               shift, and go to state 232

    fsbl_attr_list  go to state 445
    fsbl_attr       go to state 234
    core            go to state 235
    bh_rsa          go to state 236
    dpa_cm          go to state 237
    auth_hash       go to state 238
    int_hash        go to state 239
    pufhd_loc       go to state 240
    opt_key         go to state 241
    auth_only       go to state 242


State 312

  272 auth_parameters: PPK_SELECT . EQUAL expression

    EQUAL  shift, and go to state 446


State 313

  274 auth_parameters: SPK_ID . EQUAL expression

    EQUAL  shift, and go to state 447


State 314

  273 auth_parameters: SPK_SELECT . EQUAL spkselect

    EQUAL  shift, and go to state 448


State 315

  275 auth_parameters: HEADER_AUTH .

    $default  reduce using rule 275 (auth_parameters)


State 316

   92 other_spec: OBRACKET AUTH_PARAMS EBRACKET auth_parameters .
  276 auth_parameters: auth_parameters . SEMICOLON auth_parameters

    SEMICOLON  shift, and go to state 449

    $default  reduce using rule 92 (other_spec)


State 317

  289 split_options: SPLIT_MODE . EQUAL splitmode

    EQUAL  shift, and go to state 450


State 318

  290 split_options: SPLIT_FMT . EQUAL splitfmt

    EQUAL  shift, and go to state 451


State 319

   93 other_spec: OBRACKET SPLIT EBRACKET split_options .
  291 split_options: split_options . COMMA split_options

    COMMA  shift, and go to state 452

    $default  reduce using rule 93 (other_spec)


State 320

  201 optattr: PARTITION_TYPE EQUAL . ptypevalue

    PTYPEVALUE  shift, and go to state 161

    ptypevalue  go to state 453


State 321

  133 file_spec: OBRACKET $@6 attribute_list EBRACKET . filename

    FILENAME   shift, and go to state 10
    QFILENAME  shift, and go to state 11

    filename  go to state 454


State 322

  150 attribute_list: attribute COMMA . attribute_list

    BOOTLOADER             shift, and go to state 99
    XIP_MODE               shift, and go to state 100
    EARLY_HANDOFF          shift, and go to state 101
    HIVEC                  shift, and go to state 102
    LOCKSTEP               shift, and go to state 103
    AUTHENTICATION         shift, and go to state 104
    ENCRYPTION             shift, and go to state 105
    CHECKSUM               shift, and go to state 106
    PARTITION_OWNER        shift, and go to state 107
    PARTITION_TYPE         shift, and go to state 182
    PARTITION_NUM          shift, and go to state 109
    DEST_DEVICE            shift, and go to state 110
    DEST_CPU               shift, and go to state 111
    EXCEPTION_LEVEL        shift, and go to state 112
    TRUSTZONE              shift, and go to state 113
    ALIGNMENT              shift, and go to state 114
    OFFSET                 shift, and go to state 115
    RESERVE_LEGACY         shift, and go to state 116
    RESERVE                shift, and go to state 117
    LOAD                   shift, and go to state 118
    STARTUP                shift, and go to state 119
    BIGENDIAN              shift, and go to state 120
    A32_MODE               shift, and go to state 121
    SPK_ID                 shift, and go to state 122
    SPK_SELECT             shift, and go to state 123
    REVOKE_ID              shift, and go to state 124
    SPK_REVOKE_ID          shift, and go to state 125
    BOOT                   shift, and go to state 126
    USER                   shift, and go to state 127
    STATIC                 shift, and go to state 128
    NOAUTOSTART            shift, and go to state 129
    MULTIBOOT              shift, and go to state 130
    PROTECTED              shift, and go to state 131
    BLOCKS                 shift, and go to state 132
    AUTHBLOCKS             shift, and go to state 133
    PRESIGN                shift, and go to state 134
    AC                     shift, and go to state 135
    UDF_DATA               shift, and go to state 137
    SLR_NUM                shift, and go to state 138
    CLUSTER_NUM            shift, and go to state 139
    DELAY_AUTH             shift, and go to state 142
    TCM_BOOT               shift, and go to state 144
    TCM_A_REGION           shift, and go to state 145
    TCM_B_REGION           shift, and go to state 146
    TCM_C_REGION           shift, and go to state 147
    KEYSRC_ENCRYPTION      shift, and go to state 148
    PUF_HELPER_FILE        shift, and go to state 37
    BH_KEY_FILE            shift, and go to state 38
    BH_KEY_IV              shift, and go to state 149
    PMCDATA                shift, and go to state 150
    BOOTIMAGE              shift, and go to state 151
    UDF_BH                 shift, and go to state 152
    INIT                   shift, and go to state 153
    PMUFW_IMAGE            shift, and go to state 154
    AES_KEY_FILE           shift, and go to state 155
    FAMILY_KEY             shift, and go to state 48
    PPK_FILE               shift, and go to state 156
    PSK_FILE               shift, and go to state 157
    SPK_FILE               shift, and go to state 158
    SSK_FILE               shift, and go to state 159
    SPK_SIGNATURE_FILE     shift, and go to state 160
    BH_SIGNATURE_FILE      shift, and go to state 54
    HEADER_SIGNATURE_FILE  shift, and go to state 55
    PTYPEVALUE             shift, and go to state 161
    PUFHD_LOC              shift, and go to state 162
    DPA_CM                 shift, and go to state 163

    attribute_list   go to state 455
    attribute        go to state 184
    blocksattr_list  go to state 167
    boolattr         go to state 168
    trustzone_type   go to state 169
    optattr          go to state 170
    ptypevalue       go to state 171
    numattr          go to state 172
    fileattr         go to state 173
    key_file         go to state 174
    rsa_key_file     go to state 67
    other_files      go to state 175


State 323

  104 sec_boot_attr: ADDRESS EQUAL . expression

    DECVALUE  shift, and go to state 193
    HEXVALUE  shift, and go to state 194
    PLUS      shift, and go to state 195
    NEGATION  shift, and go to state 196
    LPAREN    shift, and go to state 197

    number                     go to state 198
    unary_expression           go to state 199
    multiplicative_expression  go to state 200
    additive_expression        go to state 201
    shift_expression           go to state 202
    and_expression             go to state 203
    xor_expression             go to state 204
    expression                 go to state 456


State 324

   89 other_spec: BOOT_DEVICE OBRACE sec_boot_attr_list EBRACE .

    $default  reduce using rule 89 (other_spec)


State 325

  101 sec_boot_attr_list: sec_boot_attr COMMA . sec_boot_attr_list

    ADDRESS           shift, and go to state 186
    IMAGE_STORE       shift, and go to state 187
    BOOT_DEVICE_TYPE  shift, and go to state 188

    sec_boot_attr_list  go to state 457
    sec_boot_attr       go to state 190
    boot_device_type    go to state 191


State 326

  301 unary_expression: PLUS unary_expression .

    $default  reduce using rule 301 (unary_expression)


State 327

  302 unary_expression: NEGATION unary_expression .

    $default  reduce using rule 302 (unary_expression)


State 328

  299 number: LPAREN expression . RPAREN
  318 expression: expression . OR xor_expression

    OR      shift, and go to state 338
    RPAREN  shift, and go to state 458


State 329

  304 multiplicative_expression: multiplicative_expression MULT . unary_expression

    DECVALUE  shift, and go to state 193
    HEXVALUE  shift, and go to state 194
    PLUS      shift, and go to state 195
    NEGATION  shift, and go to state 196
    LPAREN    shift, and go to state 197

    number            go to state 198
    unary_expression  go to state 459


State 330

  305 multiplicative_expression: multiplicative_expression DIVIDE . unary_expression

    DECVALUE  shift, and go to state 193
    HEXVALUE  shift, and go to state 194
    PLUS      shift, and go to state 195
    NEGATION  shift, and go to state 196
    LPAREN    shift, and go to state 197

    number            go to state 198
    unary_expression  go to state 460


State 331

  306 multiplicative_expression: multiplicative_expression MODULO . unary_expression

    DECVALUE  shift, and go to state 193
    HEXVALUE  shift, and go to state 194
    PLUS      shift, and go to state 195
    NEGATION  shift, and go to state 196
    LPAREN    shift, and go to state 197

    number            go to state 198
    unary_expression  go to state 461


State 332

  308 additive_expression: additive_expression PLUS . multiplicative_expression

    DECVALUE  shift, and go to state 193
    HEXVALUE  shift, and go to state 194
    PLUS      shift, and go to state 195
    NEGATION  shift, and go to state 196
    LPAREN    shift, and go to state 197

    number                     go to state 198
    unary_expression           go to state 199
    multiplicative_expression  go to state 462


State 333

  309 additive_expression: additive_expression MINUS . multiplicative_expression

    DECVALUE  shift, and go to state 193
    HEXVALUE  shift, and go to state 194
    PLUS      shift, and go to state 195
    NEGATION  shift, and go to state 196
    LPAREN    shift, and go to state 197

    number                     go to state 198
    unary_expression           go to state 199
    multiplicative_expression  go to state 463


State 334

  311 shift_expression: shift_expression LSHIFT . additive_expression

    DECVALUE  shift, and go to state 193
    HEXVALUE  shift, and go to state 194
    PLUS      shift, and go to state 195
    NEGATION  shift, and go to state 196
    LPAREN    shift, and go to state 197

    number                     go to state 198
    unary_expression           go to state 199
    multiplicative_expression  go to state 200
    additive_expression        go to state 464


State 335

  312 shift_expression: shift_expression RSHIFT . additive_expression

    DECVALUE  shift, and go to state 193
    HEXVALUE  shift, and go to state 194
    PLUS      shift, and go to state 195
    NEGATION  shift, and go to state 196
    LPAREN    shift, and go to state 197

    number                     go to state 198
    unary_expression           go to state 199
    multiplicative_expression  go to state 200
    additive_expression        go to state 465


State 336

  314 and_expression: and_expression AND . shift_expression

    DECVALUE  shift, and go to state 193
    HEXVALUE  shift, and go to state 194
    PLUS      shift, and go to state 195
    NEGATION  shift, and go to state 196
    LPAREN    shift, and go to state 197

    number                     go to state 198
    unary_expression           go to state 199
    multiplicative_expression  go to state 200
    additive_expression        go to state 201
    shift_expression           go to state 466


State 337

  316 xor_expression: xor_expression XOR . and_expression

    DECVALUE  shift, and go to state 193
    HEXVALUE  shift, and go to state 194
    PLUS      shift, and go to state 195
    NEGATION  shift, and go to state 196
    LPAREN    shift, and go to state 197

    number                     go to state 198
    unary_expression           go to state 199
    multiplicative_expression  go to state 200
    additive_expression        go to state 201
    shift_expression           go to state 202
    and_expression             go to state 467


State 338

  318 expression: expression OR . xor_expression

    DECVALUE  shift, and go to state 193
    HEXVALUE  shift, and go to state 194
    PLUS      shift, and go to state 195
    NEGATION  shift, and go to state 196
    LPAREN    shift, and go to state 197

    number                     go to state 198
    unary_expression           go to state 199
    multiplicative_expression  go to state 200
    additive_expression        go to state 201
    shift_expression           go to state 202
    and_expression             go to state 203
    xor_expression             go to state 468


State 339

   60 image_list: IMAGE OBRACE $@4 image_content . EBRACE
   62 image_content: image_content . image_attributes_list
   63              | image_content . file_spec
   64              | image_content . partition_spec

    EBRACE                 shift, and go to state 469
    OBRACKET               shift, and go to state 95
    PARTITION_TYPE         shift, and go to state 470
    PCR_NUMBER             shift, and go to state 471
    PCR_MEASUREMENT_INDEX  shift, and go to state 472
    UNIQUE_ID              shift, and go to state 473
    PARENT_UNIQUE_ID       shift, and go to state 474
    FUNCTION_ID            shift, and go to state 475
    ID                     shift, and go to state 476
    NAME                   shift, and go to state 477
    DELAY_HANDOFF          shift, and go to state 478
    DELAY_LOAD             shift, and go to state 479
    COPY                   shift, and go to state 480
    PARTITION              shift, and go to state 30
    FILENAME               shift, and go to state 10
    QFILENAME              shift, and go to state 11
    INIT                   shift, and go to state 481

    EBRACE                 [reduce using rule 82 (partition_content)]
    OBRACKET               [reduce using rule 82 (partition_content)]
    PARTITION_TYPE         [reduce using rule 82 (partition_content)]
    PCR_NUMBER             [reduce using rule 82 (partition_content)]
    PCR_MEASUREMENT_INDEX  [reduce using rule 82 (partition_content)]
    UNIQUE_ID              [reduce using rule 82 (partition_content)]
    PARENT_UNIQUE_ID       [reduce using rule 82 (partition_content)]
    FUNCTION_ID            [reduce using rule 82 (partition_content)]
    ID                     [reduce using rule 82 (partition_content)]
    NAME                   [reduce using rule 82 (partition_content)]
    DELAY_HANDOFF          [reduce using rule 82 (partition_content)]
    DELAY_LOAD             [reduce using rule 82 (partition_content)]
    COPY                   [reduce using rule 82 (partition_content)]
    PARTITION              [reduce using rule 82 (partition_content)]
    FILENAME               [reduce using rule 82 (partition_content)]
    QFILENAME              [reduce using rule 82 (partition_content)]
    INIT                   [reduce using rule 82 (partition_content)]
    $default               reduce using rule 82 (partition_content)

    image_attributes_list  go to state 482
    image_attributes       go to state 483
    partition_spec         go to state 484
    partition_content      go to state 61
    file_spec              go to state 485
    filename               go to state 68


State 340

   96 other_spec: OPTIONAL_DATA OBRACE optional_data EBRACE .

    $default  reduce using rule 96 (other_spec)


State 341

   41 optional_data: optional_data_attr SEMICOLON . optional_data

    FILENAME   shift, and go to state 10
    QFILENAME  shift, and go to state 11

    $default  reduce using rule 43 (optional_data_attr)

    optional_data       go to state 486
    optional_data_attr  go to state 212
    filename            go to state 213


State 342

   42 optional_data_attr: filename COMMA . ID EQUAL expression

    ID  shift, and go to state 487


State 343

   27 metahdr_attr: AUTHENTICATION . EQUAL authvalue

    EQUAL  shift, and go to state 488


State 344

   24 metahdr_attr: ENCRYPTION . EQUAL encrvalue

    EQUAL  shift, and go to state 489


State 345

   36 metahdr_attr: CHECKSUM . EQUAL checkvalue

    EQUAL  shift, and go to state 490


State 346

   34 metahdr_attr: REVOKE_ID . EQUAL expression

    EQUAL  shift, and go to state 491


State 347

   35 metahdr_attr: SPK_REVOKE_ID . EQUAL expression

    EQUAL  shift, and go to state 492


State 348

   38 metahdr_attr: BLOCKS . EQUAL metahdr_blk

    EQUAL  shift, and go to state 493


State 349

   33 metahdr_attr: PRESIGN . EQUAL filename

    EQUAL  shift, and go to state 494


State 350

   25 metahdr_attr: KEYSRC_ENCRYPTION . EQUAL key_src

    EQUAL  shift, and go to state 495


State 351

   26 metahdr_attr: AES_KEY_FILE . EQUAL filename

    EQUAL  shift, and go to state 496


State 352

   28 metahdr_attr: PPK_FILE . EQUAL filename

    EQUAL  shift, and go to state 497


State 353

   29 metahdr_attr: PSK_FILE . EQUAL filename

    EQUAL  shift, and go to state 498


State 354

   30 metahdr_attr: SPK_FILE . EQUAL filename

    EQUAL  shift, and go to state 499


State 355

   31 metahdr_attr: SSK_FILE . EQUAL filename

    EQUAL  shift, and go to state 500


State 356

   32 metahdr_attr: SPK_SIGNATURE_FILE . EQUAL filename

    EQUAL  shift, and go to state 501


State 357

   39 metahdr_attr: PUFHD_LOC .

    $default  reduce using rule 39 (metahdr_attr)


State 358

   37 metahdr_attr: DPA_CM .

    $default  reduce using rule 37 (metahdr_attr)


State 359

   19 metahdr_spec: METAHEADER OBRACE $@3 metahdr_attr_list . EBRACE

    EBRACE  shift, and go to state 502


State 360

   20 metahdr_attr_list: metahdr_attr .
   21                  | metahdr_attr . COMMA metahdr_attr_list
   22                  | metahdr_attr . metahdr_attr_list

    COMMA               shift, and go to state 503
    AUTHENTICATION      shift, and go to state 343
    ENCRYPTION          shift, and go to state 344
    CHECKSUM            shift, and go to state 345
    REVOKE_ID           shift, and go to state 346
    SPK_REVOKE_ID       shift, and go to state 347
    BLOCKS              shift, and go to state 348
    PRESIGN             shift, and go to state 349
    KEYSRC_ENCRYPTION   shift, and go to state 350
    AES_KEY_FILE        shift, and go to state 351
    PPK_FILE            shift, and go to state 352
    PSK_FILE            shift, and go to state 353
    SPK_FILE            shift, and go to state 354
    SSK_FILE            shift, and go to state 355
    SPK_SIGNATURE_FILE  shift, and go to state 356
    PUFHD_LOC           shift, and go to state 357
    DPA_CM              shift, and go to state 358

    EBRACE              reduce using rule 20 (metahdr_attr_list)
    EBRACE              [reduce using rule 23 (metahdr_attr)]
    COMMA               [reduce using rule 23 (metahdr_attr)]
    AUTHENTICATION      [reduce using rule 23 (metahdr_attr)]
    ENCRYPTION          [reduce using rule 23 (metahdr_attr)]
    CHECKSUM            [reduce using rule 23 (metahdr_attr)]
    REVOKE_ID           [reduce using rule 23 (metahdr_attr)]
    SPK_REVOKE_ID       [reduce using rule 23 (metahdr_attr)]
    BLOCKS              [reduce using rule 23 (metahdr_attr)]
    PRESIGN             [reduce using rule 23 (metahdr_attr)]
    KEYSRC_ENCRYPTION   [reduce using rule 23 (metahdr_attr)]
    AES_KEY_FILE        [reduce using rule 23 (metahdr_attr)]
    PPK_FILE            [reduce using rule 23 (metahdr_attr)]
    PSK_FILE            [reduce using rule 23 (metahdr_attr)]
    SPK_FILE            [reduce using rule 23 (metahdr_attr)]
    SSK_FILE            [reduce using rule 23 (metahdr_attr)]
    SPK_SIGNATURE_FILE  [reduce using rule 23 (metahdr_attr)]
    PUFHD_LOC           [reduce using rule 23 (metahdr_attr)]
    DPA_CM              [reduce using rule 23 (metahdr_attr)]
    $default            reduce using rule 20 (metahdr_attr_list)

    metahdr_attr_list  go to state 504
    metahdr_attr       go to state 360


State 361

  130 fsbl_attr: PUFROSWAP EQUAL . expression

    DECVALUE  shift, and go to state 193
    HEXVALUE  shift, and go to state 194
    PLUS      shift, and go to state 195
    NEGATION  shift, and go to state 196
    LPAREN    shift, and go to state 197

    number                     go to state 198
    unary_expression           go to state 199
    multiplicative_expression  go to state 200
    additive_expression        go to state 201
    shift_expression           go to state 202
    and_expression             go to state 203
    xor_expression             go to state 204
    expression                 go to state 505


State 362

  124 fsbl_attr: SHUTTER EQUAL . expression

    DECVALUE  shift, and go to state 193
    HEXVALUE  shift, and go to state 194
    PLUS      shift, and go to state 195
    NEGATION  shift, and go to state 196
    LPAREN    shift, and go to state 197

    number                     go to state 198
    unary_expression           go to state 199
    multiplicative_expression  go to state 200
    additive_expression        go to state 201
    shift_expression           go to state 202
    and_expression             go to state 203
    xor_expression             go to state 204
    expression                 go to state 506


State 363

  126 fsbl_attr: SMAP_WIDTH EQUAL . expression

    DECVALUE  shift, and go to state 193
    HEXVALUE  shift, and go to state 194
    PLUS      shift, and go to state 195
    NEGATION  shift, and go to state 196
    LPAREN    shift, and go to state 197

    number                     go to state 198
    unary_expression           go to state 199
    multiplicative_expression  go to state 200
    additive_expression        go to state 201
    shift_expression           go to state 202
    and_expression             go to state 203
    xor_expression             go to state 204
    expression                 go to state 507


State 364

   88 other_spec: FSBL_CONFIG OBRACE fsbl_attr_list EBRACE .

    $default  reduce using rule 88 (other_spec)


State 365

  106 fsbl_attr_list: fsbl_attr COMMA . fsbl_attr_list

    DICE                 shift, and go to state 217
    BYPASS_IDCODE_CHECK  shift, and go to state 218
    A_HWROT              shift, and go to state 219
    S_HWROT              shift, and go to state 220
    PUF4KMODE            shift, and go to state 221
    PUFROSWAP            shift, and go to state 222
    SHUTTER              shift, and go to state 223
    SMAP_WIDTH           shift, and go to state 224
    CORE                 shift, and go to state 225
    BH_RSA               shift, and go to state 226
    AUTH_HASH            shift, and go to state 227
    INT_HASH             shift, and go to state 228
    PUFHD_LOC            shift, and go to state 229
    OPT_KEY              shift, and go to state 230
    AUTH_ONLY            shift, and go to state 231
    DPA_CM               shift, and go to state 232

    fsbl_attr_list  go to state 508
    fsbl_attr       go to state 234
    core            go to state 235
    bh_rsa          go to state 236
    dpa_cm          go to state 237
    auth_hash       go to state 238
    int_hash        go to state 239
    pufhd_loc       go to state 240
    opt_key         go to state 241
    auth_only       go to state 242


State 366

  107 fsbl_attr_list: fsbl_attr fsbl_attr_list .

    $default  reduce using rule 107 (fsbl_attr_list)


State 367

  111 authjtag_attr: REVOKE_ID EQUAL . expression

    DECVALUE  shift, and go to state 193
    HEXVALUE  shift, and go to state 194
    PLUS      shift, and go to state 195
    NEGATION  shift, and go to state 196
    LPAREN    shift, and go to state 197

    number                     go to state 198
    unary_expression           go to state 199
    multiplicative_expression  go to state 200
    additive_expression        go to state 201
    shift_expression           go to state 202
    and_expression             go to state 203
    xor_expression             go to state 204
    expression                 go to state 509


State 368

  112 authjtag_attr: SPK_REVOKE_ID EQUAL . expression

    DECVALUE  shift, and go to state 193
    HEXVALUE  shift, and go to state 194
    PLUS      shift, and go to state 195
    NEGATION  shift, and go to state 196
    LPAREN    shift, and go to state 197

    number                     go to state 198
    unary_expression           go to state 199
    multiplicative_expression  go to state 200
    additive_expression        go to state 201
    shift_expression           go to state 202
    and_expression             go to state 203
    xor_expression             go to state 204
    expression                 go to state 510


State 369

  113 authjtag_attr: DEVICE_DNA EQUAL . HEXWORD

    HEXWORD  shift, and go to state 511


State 370

  114 authjtag_attr: JTAG_TIMEOUT EQUAL . expression

    DECVALUE  shift, and go to state 193
    HEXVALUE  shift, and go to state 194
    PLUS      shift, and go to state 195
    NEGATION  shift, and go to state 196
    LPAREN    shift, and go to state 197

    number                     go to state 198
    unary_expression           go to state 199
    multiplicative_expression  go to state 200
    additive_expression        go to state 201
    shift_expression           go to state 202
    and_expression             go to state 203
    xor_expression             go to state 204
    expression                 go to state 512


State 371

  115 authjtag_attr: AUTHJTAG_SIGN EQUAL . filename

    FILENAME   shift, and go to state 10
    QFILENAME  shift, and go to state 11

    filename  go to state 513


State 372

   95 other_spec: AUTHJTAG_CONFIG OBRACE authjtag_attr_list EBRACE .

    $default  reduce using rule 95 (other_spec)


State 373

  109 authjtag_attr_list: authjtag_attr COMMA . authjtag_attr_list

    REVOKE_ID      shift, and go to state 243
    SPK_REVOKE_ID  shift, and go to state 244
    DEVICE_DNA     shift, and go to state 245
    JTAG_TIMEOUT   shift, and go to state 246
    AUTHJTAG_SIGN  shift, and go to state 247

    authjtag_attr_list  go to state 514
    authjtag_attr       go to state 249


State 374

  110 authjtag_attr_list: authjtag_attr authjtag_attr_list .

    $default  reduce using rule 110 (authjtag_attr_list)


State 375

  280 lms_params_attr: LMS_HASH EQUAL . hashfunc

    HASH_FUNCTION  shift, and go to state 515

    hashfunc  go to state 516


State 376

  282 lms_params_attr: LMS_H EQUAL . expression

    DECVALUE  shift, and go to state 193
    HEXVALUE  shift, and go to state 194
    PLUS      shift, and go to state 195
    NEGATION  shift, and go to state 196
    LPAREN    shift, and go to state 197

    number                     go to state 198
    unary_expression           go to state 199
    multiplicative_expression  go to state 200
    additive_expression        go to state 201
    shift_expression           go to state 202
    and_expression             go to state 203
    xor_expression             go to state 204
    expression                 go to state 517


State 377

  281 lms_params_attr: LMS_W EQUAL . expression

    DECVALUE  shift, and go to state 193
    HEXVALUE  shift, and go to state 194
    PLUS      shift, and go to state 195
    NEGATION  shift, and go to state 196
    LPAREN    shift, and go to state 197

    number                     go to state 198
    unary_expression           go to state 199
    multiplicative_expression  go to state 200
    additive_expression        go to state 201
    shift_expression           go to state 202
    and_expression             go to state 203
    xor_expression             go to state 204
    expression                 go to state 518


State 378

  287 lms_params_string_type_list: AUTH_KEY_LEVEL OBRACE . $@8 lms_params_string_list EBRACE

    $default  reduce using rule 286 ($@8)

    $@8  go to state 519


State 379

   97 other_spec: LMS_KEY_PARAMS OBRACE lms_params_list EBRACE .

    $default  reduce using rule 97 (other_spec)


State 380

  279 lms_params_list: lms_params_attr SEMICOLON . lms_params_attr

    LMS_HASH  shift, and go to state 251
    LMS_H     shift, and go to state 252
    LMS_W     shift, and go to state 253

    lms_params_attr  go to state 520


State 381

   98 other_spec: LMS_KEY_PARAMS OBRACE lms_params_string_list EBRACE .

    $default  reduce using rule 98 (other_spec)


State 382

  285 lms_params_string_list: lms_params_string_list COMMA . lms_params_string_list

    WORD  shift, and go to state 250

    lms_params_string_list  go to state 521


State 383

   99 other_spec: LMS_KEY_PARAMS OBRACE lms_params_string_type_list EBRACE .

    $default  reduce using rule 99 (other_spec)


State 384

  288 lms_params_string_type_list: lms_params_string_type_list . lms_params_string_type_list
  288                            | lms_params_string_type_list lms_params_string_type_list .

    AUTH_KEY_LEVEL  shift, and go to state 254

    AUTH_KEY_LEVEL  [reduce using rule 288 (lms_params_string_type_list)]
    $default        reduce using rule 288 (lms_params_string_type_list)

    lms_params_string_type_list  go to state 384


State 385

  220 authvalue: NONE .

    $default  reduce using rule 220 (authvalue)


State 386

  221 authvalue: AUTHVALUE .

    $default  reduce using rule 221 (authvalue)


State 387

  185 optattr: AUTHENTICATION EQUAL authvalue .

    $default  reduce using rule 185 (optattr)


State 388

  222 encrvalue: NONE .

    $default  reduce using rule 222 (encrvalue)


State 389

  223 encrvalue: ENCRVALUE .

    $default  reduce using rule 223 (encrvalue)


State 390

  186 optattr: ENCRYPTION EQUAL encrvalue .

    $default  reduce using rule 186 (optattr)


State 391

  224 checkvalue: NONE .

    $default  reduce using rule 224 (checkvalue)


State 392

  225 checkvalue: CHECKSUMVALUE .

    $default  reduce using rule 225 (checkvalue)


State 393

  187 optattr: CHECKSUM EQUAL checkvalue .

    $default  reduce using rule 187 (optattr)


State 394

  226 pownervalue: POWNERVALUE .

    $default  reduce using rule 226 (pownervalue)


State 395

  188 optattr: PARTITION_OWNER EQUAL pownervalue .

    $default  reduce using rule 188 (optattr)


State 396

  147 new_attribute: PARTITION_TYPE EQUAL PMCDATA .
  270 other_files: PMCDATA .

    EBRACE                 reduce using rule 147 (new_attribute)
    EBRACE                 [reduce using rule 270 (other_files)]
    COMMA                  reduce using rule 147 (new_attribute)
    COMMA                  [reduce using rule 270 (other_files)]
    BOOTLOADER             reduce using rule 147 (new_attribute)
    BOOTLOADER             [reduce using rule 270 (other_files)]
    XIP_MODE               reduce using rule 147 (new_attribute)
    XIP_MODE               [reduce using rule 270 (other_files)]
    EARLY_HANDOFF          reduce using rule 147 (new_attribute)
    EARLY_HANDOFF          [reduce using rule 270 (other_files)]
    HIVEC                  reduce using rule 147 (new_attribute)
    HIVEC                  [reduce using rule 270 (other_files)]
    LOCKSTEP               reduce using rule 147 (new_attribute)
    LOCKSTEP               [reduce using rule 270 (other_files)]
    AUTHENTICATION         reduce using rule 147 (new_attribute)
    AUTHENTICATION         [reduce using rule 270 (other_files)]
    ENCRYPTION             reduce using rule 147 (new_attribute)
    ENCRYPTION             [reduce using rule 270 (other_files)]
    CHECKSUM               reduce using rule 147 (new_attribute)
    CHECKSUM               [reduce using rule 270 (other_files)]
    PARTITION_OWNER        reduce using rule 147 (new_attribute)
    PARTITION_OWNER        [reduce using rule 270 (other_files)]
    PARTITION_TYPE         reduce using rule 147 (new_attribute)
    PARTITION_TYPE         [reduce using rule 270 (other_files)]
    PARTITION_NUM          reduce using rule 147 (new_attribute)
    PARTITION_NUM          [reduce using rule 270 (other_files)]
    DEST_DEVICE            reduce using rule 147 (new_attribute)
    DEST_DEVICE            [reduce using rule 270 (other_files)]
    DEST_CPU               reduce using rule 147 (new_attribute)
    DEST_CPU               [reduce using rule 270 (other_files)]
    EXCEPTION_LEVEL        reduce using rule 147 (new_attribute)
    EXCEPTION_LEVEL        [reduce using rule 270 (other_files)]
    TRUSTZONE              reduce using rule 147 (new_attribute)
    TRUSTZONE              [reduce using rule 270 (other_files)]
    ALIGNMENT              reduce using rule 147 (new_attribute)
    ALIGNMENT              [reduce using rule 270 (other_files)]
    OFFSET                 reduce using rule 147 (new_attribute)
    OFFSET                 [reduce using rule 270 (other_files)]
    RESERVE_LEGACY         reduce using rule 147 (new_attribute)
    RESERVE_LEGACY         [reduce using rule 270 (other_files)]
    RESERVE                reduce using rule 147 (new_attribute)
    RESERVE                [reduce using rule 270 (other_files)]
    LOAD                   reduce using rule 147 (new_attribute)
    LOAD                   [reduce using rule 270 (other_files)]
    STARTUP                reduce using rule 147 (new_attribute)
    STARTUP                [reduce using rule 270 (other_files)]
    BIGENDIAN              reduce using rule 147 (new_attribute)
    BIGENDIAN              [reduce using rule 270 (other_files)]
    A32_MODE               reduce using rule 147 (new_attribute)
    A32_MODE               [reduce using rule 270 (other_files)]
    SPK_ID                 reduce using rule 147 (new_attribute)
    SPK_ID                 [reduce using rule 270 (other_files)]
    SPK_SELECT             reduce using rule 147 (new_attribute)
    SPK_SELECT             [reduce using rule 270 (other_files)]
    REVOKE_ID              reduce using rule 147 (new_attribute)
    REVOKE_ID              [reduce using rule 270 (other_files)]
    SPK_REVOKE_ID          reduce using rule 147 (new_attribute)
    SPK_REVOKE_ID          [reduce using rule 270 (other_files)]
    BOOT                   reduce using rule 147 (new_attribute)
    BOOT                   [reduce using rule 270 (other_files)]
    USER                   reduce using rule 147 (new_attribute)
    USER                   [reduce using rule 270 (other_files)]
    STATIC                 reduce using rule 147 (new_attribute)
    STATIC                 [reduce using rule 270 (other_files)]
    NOAUTOSTART            reduce using rule 147 (new_attribute)
    NOAUTOSTART            [reduce using rule 270 (other_files)]
    MULTIBOOT              reduce using rule 147 (new_attribute)
    MULTIBOOT              [reduce using rule 270 (other_files)]
    PROTECTED              reduce using rule 147 (new_attribute)
    PROTECTED              [reduce using rule 270 (other_files)]
    BLOCKS                 reduce using rule 147 (new_attribute)
    BLOCKS                 [reduce using rule 270 (other_files)]
    AUTHBLOCKS             reduce using rule 147 (new_attribute)
    AUTHBLOCKS             [reduce using rule 270 (other_files)]
    PRESIGN                reduce using rule 147 (new_attribute)
    PRESIGN                [reduce using rule 270 (other_files)]
    AC                     reduce using rule 147 (new_attribute)
    AC                     [reduce using rule 270 (other_files)]
    BIF_SECTION            reduce using rule 147 (new_attribute)
    BIF_SECTION            [reduce using rule 270 (other_files)]
    UDF_DATA               reduce using rule 147 (new_attribute)
    UDF_DATA               [reduce using rule 270 (other_files)]
    SLR_NUM                reduce using rule 147 (new_attribute)
    SLR_NUM                [reduce using rule 270 (other_files)]
    CLUSTER_NUM            reduce using rule 147 (new_attribute)
    CLUSTER_NUM            [reduce using rule 270 (other_files)]
    IMAGE_STORE            reduce using rule 147 (new_attribute)
    IMAGE_STORE            [reduce using rule 270 (other_files)]
    ID                     reduce using rule 147 (new_attribute)
    ID                     [reduce using rule 270 (other_files)]
    DELAY_AUTH             reduce using rule 147 (new_attribute)
    DELAY_AUTH             [reduce using rule 270 (other_files)]
    PFILE                  reduce using rule 147 (new_attribute)
    PFILE                  [reduce using rule 270 (other_files)]
    TCM_BOOT               reduce using rule 147 (new_attribute)
    TCM_BOOT               [reduce using rule 270 (other_files)]
    TCM_A_REGION           reduce using rule 147 (new_attribute)
    TCM_A_REGION           [reduce using rule 270 (other_files)]
    TCM_B_REGION           reduce using rule 147 (new_attribute)
    TCM_B_REGION           [reduce using rule 270 (other_files)]
    TCM_C_REGION           reduce using rule 147 (new_attribute)
    TCM_C_REGION           [reduce using rule 270 (other_files)]
    KEYSRC_ENCRYPTION      reduce using rule 147 (new_attribute)
    KEYSRC_ENCRYPTION      [reduce using rule 270 (other_files)]
    PUF_HELPER_FILE        reduce using rule 147 (new_attribute)
    PUF_HELPER_FILE        [reduce using rule 270 (other_files)]
    BH_KEY_FILE            reduce using rule 147 (new_attribute)
    BH_KEY_FILE            [reduce using rule 270 (other_files)]
    BH_KEY_IV              reduce using rule 147 (new_attribute)
    BH_KEY_IV              [reduce using rule 270 (other_files)]
    PMCDATA                reduce using rule 147 (new_attribute)
    PMCDATA                [reduce using rule 270 (other_files)]
    BOOTIMAGE              reduce using rule 147 (new_attribute)
    BOOTIMAGE              [reduce using rule 270 (other_files)]
    UDF_BH                 reduce using rule 147 (new_attribute)
    UDF_BH                 [reduce using rule 270 (other_files)]
    INIT                   reduce using rule 147 (new_attribute)
    INIT                   [reduce using rule 270 (other_files)]
    PMUFW_IMAGE            reduce using rule 147 (new_attribute)
    PMUFW_IMAGE            [reduce using rule 270 (other_files)]
    AES_KEY_FILE           reduce using rule 147 (new_attribute)
    AES_KEY_FILE           [reduce using rule 270 (other_files)]
    FAMILY_KEY             reduce using rule 147 (new_attribute)
    FAMILY_KEY             [reduce using rule 270 (other_files)]
    PPK_FILE               reduce using rule 147 (new_attribute)
    PPK_FILE               [reduce using rule 270 (other_files)]
    PSK_FILE               reduce using rule 147 (new_attribute)
    PSK_FILE               [reduce using rule 270 (other_files)]
    SPK_FILE               reduce using rule 147 (new_attribute)
    SPK_FILE               [reduce using rule 270 (other_files)]
    SSK_FILE               reduce using rule 147 (new_attribute)
    SSK_FILE               [reduce using rule 270 (other_files)]
    SPK_SIGNATURE_FILE     reduce using rule 147 (new_attribute)
    SPK_SIGNATURE_FILE     [reduce using rule 270 (other_files)]
    BH_SIGNATURE_FILE      reduce using rule 147 (new_attribute)
    BH_SIGNATURE_FILE      [reduce using rule 270 (other_files)]
    HEADER_SIGNATURE_FILE  reduce using rule 147 (new_attribute)
    HEADER_SIGNATURE_FILE  [reduce using rule 270 (other_files)]
    PTYPEVALUE             reduce using rule 147 (new_attribute)
    PTYPEVALUE             [reduce using rule 270 (other_files)]
    PUFHD_LOC              reduce using rule 147 (new_attribute)
    PUFHD_LOC              [reduce using rule 270 (other_files)]
    DPA_CM                 reduce using rule 147 (new_attribute)
    DPA_CM                 [reduce using rule 270 (other_files)]
    $default               reduce using rule 147 (new_attribute)


State 397

  146 new_attribute: PARTITION_TYPE EQUAL boolattr .

    $default  reduce using rule 146 (new_attribute)


State 398

  178 boolattr: ptypevalue .
  201 optattr: PARTITION_TYPE EQUAL ptypevalue .

    EBRACE                 reduce using rule 178 (boolattr)
    EBRACE                 [reduce using rule 201 (optattr)]
    COMMA                  reduce using rule 178 (boolattr)
    COMMA                  [reduce using rule 201 (optattr)]
    BOOTLOADER             reduce using rule 178 (boolattr)
    BOOTLOADER             [reduce using rule 201 (optattr)]
    XIP_MODE               reduce using rule 178 (boolattr)
    XIP_MODE               [reduce using rule 201 (optattr)]
    EARLY_HANDOFF          reduce using rule 178 (boolattr)
    EARLY_HANDOFF          [reduce using rule 201 (optattr)]
    HIVEC                  reduce using rule 178 (boolattr)
    HIVEC                  [reduce using rule 201 (optattr)]
    LOCKSTEP               reduce using rule 178 (boolattr)
    LOCKSTEP               [reduce using rule 201 (optattr)]
    AUTHENTICATION         reduce using rule 178 (boolattr)
    AUTHENTICATION         [reduce using rule 201 (optattr)]
    ENCRYPTION             reduce using rule 178 (boolattr)
    ENCRYPTION             [reduce using rule 201 (optattr)]
    CHECKSUM               reduce using rule 178 (boolattr)
    CHECKSUM               [reduce using rule 201 (optattr)]
    PARTITION_OWNER        reduce using rule 178 (boolattr)
    PARTITION_OWNER        [reduce using rule 201 (optattr)]
    PARTITION_TYPE         reduce using rule 178 (boolattr)
    PARTITION_TYPE         [reduce using rule 201 (optattr)]
    PARTITION_NUM          reduce using rule 178 (boolattr)
    PARTITION_NUM          [reduce using rule 201 (optattr)]
    DEST_DEVICE            reduce using rule 178 (boolattr)
    DEST_DEVICE            [reduce using rule 201 (optattr)]
    DEST_CPU               reduce using rule 178 (boolattr)
    DEST_CPU               [reduce using rule 201 (optattr)]
    EXCEPTION_LEVEL        reduce using rule 178 (boolattr)
    EXCEPTION_LEVEL        [reduce using rule 201 (optattr)]
    TRUSTZONE              reduce using rule 178 (boolattr)
    TRUSTZONE              [reduce using rule 201 (optattr)]
    ALIGNMENT              reduce using rule 178 (boolattr)
    ALIGNMENT              [reduce using rule 201 (optattr)]
    OFFSET                 reduce using rule 178 (boolattr)
    OFFSET                 [reduce using rule 201 (optattr)]
    RESERVE_LEGACY         reduce using rule 178 (boolattr)
    RESERVE_LEGACY         [reduce using rule 201 (optattr)]
    RESERVE                reduce using rule 178 (boolattr)
    RESERVE                [reduce using rule 201 (optattr)]
    LOAD                   reduce using rule 178 (boolattr)
    LOAD                   [reduce using rule 201 (optattr)]
    STARTUP                reduce using rule 178 (boolattr)
    STARTUP                [reduce using rule 201 (optattr)]
    BIGENDIAN              reduce using rule 178 (boolattr)
    BIGENDIAN              [reduce using rule 201 (optattr)]
    A32_MODE               reduce using rule 178 (boolattr)
    A32_MODE               [reduce using rule 201 (optattr)]
    SPK_ID                 reduce using rule 178 (boolattr)
    SPK_ID                 [reduce using rule 201 (optattr)]
    SPK_SELECT             reduce using rule 178 (boolattr)
    SPK_SELECT             [reduce using rule 201 (optattr)]
    REVOKE_ID              reduce using rule 178 (boolattr)
    REVOKE_ID              [reduce using rule 201 (optattr)]
    SPK_REVOKE_ID          reduce using rule 178 (boolattr)
    SPK_REVOKE_ID          [reduce using rule 201 (optattr)]
    BOOT                   reduce using rule 178 (boolattr)
    BOOT                   [reduce using rule 201 (optattr)]
    USER                   reduce using rule 178 (boolattr)
    USER                   [reduce using rule 201 (optattr)]
    STATIC                 reduce using rule 178 (boolattr)
    STATIC                 [reduce using rule 201 (optattr)]
    NOAUTOSTART            reduce using rule 178 (boolattr)
    NOAUTOSTART            [reduce using rule 201 (optattr)]
    MULTIBOOT              reduce using rule 178 (boolattr)
    MULTIBOOT              [reduce using rule 201 (optattr)]
    PROTECTED              reduce using rule 178 (boolattr)
    PROTECTED              [reduce using rule 201 (optattr)]
    BLOCKS                 reduce using rule 178 (boolattr)
    BLOCKS                 [reduce using rule 201 (optattr)]
    AUTHBLOCKS             reduce using rule 178 (boolattr)
    AUTHBLOCKS             [reduce using rule 201 (optattr)]
    PRESIGN                reduce using rule 178 (boolattr)
    PRESIGN                [reduce using rule 201 (optattr)]
    AC                     reduce using rule 178 (boolattr)
    AC                     [reduce using rule 201 (optattr)]
    BIF_SECTION            reduce using rule 178 (boolattr)
    BIF_SECTION            [reduce using rule 201 (optattr)]
    UDF_DATA               reduce using rule 178 (boolattr)
    UDF_DATA               [reduce using rule 201 (optattr)]
    SLR_NUM                reduce using rule 178 (boolattr)
    SLR_NUM                [reduce using rule 201 (optattr)]
    CLUSTER_NUM            reduce using rule 178 (boolattr)
    CLUSTER_NUM            [reduce using rule 201 (optattr)]
    IMAGE_STORE            reduce using rule 178 (boolattr)
    IMAGE_STORE            [reduce using rule 201 (optattr)]
    ID                     reduce using rule 178 (boolattr)
    ID                     [reduce using rule 201 (optattr)]
    DELAY_AUTH             reduce using rule 178 (boolattr)
    DELAY_AUTH             [reduce using rule 201 (optattr)]
    PFILE                  reduce using rule 178 (boolattr)
    PFILE                  [reduce using rule 201 (optattr)]
    TCM_BOOT               reduce using rule 178 (boolattr)
    TCM_BOOT               [reduce using rule 201 (optattr)]
    TCM_A_REGION           reduce using rule 178 (boolattr)
    TCM_A_REGION           [reduce using rule 201 (optattr)]
    TCM_B_REGION           reduce using rule 178 (boolattr)
    TCM_B_REGION           [reduce using rule 201 (optattr)]
    TCM_C_REGION           reduce using rule 178 (boolattr)
    TCM_C_REGION           [reduce using rule 201 (optattr)]
    KEYSRC_ENCRYPTION      reduce using rule 178 (boolattr)
    KEYSRC_ENCRYPTION      [reduce using rule 201 (optattr)]
    PUF_HELPER_FILE        reduce using rule 178 (boolattr)
    PUF_HELPER_FILE        [reduce using rule 201 (optattr)]
    BH_KEY_FILE            reduce using rule 178 (boolattr)
    BH_KEY_FILE            [reduce using rule 201 (optattr)]
    BH_KEY_IV              reduce using rule 178 (boolattr)
    BH_KEY_IV              [reduce using rule 201 (optattr)]
    PMCDATA                reduce using rule 178 (boolattr)
    PMCDATA                [reduce using rule 201 (optattr)]
    BOOTIMAGE              reduce using rule 178 (boolattr)
    BOOTIMAGE              [reduce using rule 201 (optattr)]
    UDF_BH                 reduce using rule 178 (boolattr)
    UDF_BH                 [reduce using rule 201 (optattr)]
    INIT                   reduce using rule 178 (boolattr)
    INIT                   [reduce using rule 201 (optattr)]
    PMUFW_IMAGE            reduce using rule 178 (boolattr)
    PMUFW_IMAGE            [reduce using rule 201 (optattr)]
    AES_KEY_FILE           reduce using rule 178 (boolattr)
    AES_KEY_FILE           [reduce using rule 201 (optattr)]
    FAMILY_KEY             reduce using rule 178 (boolattr)
    FAMILY_KEY             [reduce using rule 201 (optattr)]
    PPK_FILE               reduce using rule 178 (boolattr)
    PPK_FILE               [reduce using rule 201 (optattr)]
    PSK_FILE               reduce using rule 178 (boolattr)
    PSK_FILE               [reduce using rule 201 (optattr)]
    SPK_FILE               reduce using rule 178 (boolattr)
    SPK_FILE               [reduce using rule 201 (optattr)]
    SSK_FILE               reduce using rule 178 (boolattr)
    SSK_FILE               [reduce using rule 201 (optattr)]
    SPK_SIGNATURE_FILE     reduce using rule 178 (boolattr)
    SPK_SIGNATURE_FILE     [reduce using rule 201 (optattr)]
    BH_SIGNATURE_FILE      reduce using rule 178 (boolattr)
    BH_SIGNATURE_FILE      [reduce using rule 201 (optattr)]
    HEADER_SIGNATURE_FILE  reduce using rule 178 (boolattr)
    HEADER_SIGNATURE_FILE  [reduce using rule 201 (optattr)]
    PTYPEVALUE             reduce using rule 178 (boolattr)
    PTYPEVALUE             [reduce using rule 201 (optattr)]
    PUFHD_LOC              reduce using rule 178 (boolattr)
    PUFHD_LOC              [reduce using rule 201 (optattr)]
    DPA_CM                 reduce using rule 178 (boolattr)
    DPA_CM                 [reduce using rule 201 (optattr)]
    $default               reduce using rule 178 (boolattr)


State 399

  249 numattr: PARTITION_NUM EQUAL expression .
  318 expression: expression . OR xor_expression

    OR  shift, and go to state 338

    $default  reduce using rule 249 (numattr)


State 400

  239 dest_device_type: DEST_DEVICE_TYPE .

    $default  reduce using rule 239 (dest_device_type)


State 401

  190 optattr: DEST_DEVICE EQUAL dest_device_type .

    $default  reduce using rule 190 (optattr)


State 402

  238 dest_cpu_type: DEST_CPU_TYPE .

    $default  reduce using rule 238 (dest_cpu_type)


State 403

  189 optattr: DEST_CPU EQUAL dest_cpu_type .

    $default  reduce using rule 189 (optattr)


State 404

  240 exception_level_type: EXCEPTION_LEVEL_TYPE .

    $default  reduce using rule 240 (exception_level_type)


State 405

  191 optattr: EXCEPTION_LEVEL EQUAL exception_level_type .

    $default  reduce using rule 191 (optattr)


State 406

  181 trustzone_type: TRUSTZONE EQUAL TRUSTZONE_TYPE .

    $default  reduce using rule 181 (trustzone_type)


State 407

  241 numattr: ALIGNMENT EQUAL expression .
  318 expression: expression . OR xor_expression

    OR  shift, and go to state 338

    $default  reduce using rule 241 (numattr)


State 408

  242 numattr: OFFSET EQUAL expression .
  318 expression: expression . OR xor_expression

    OR  shift, and go to state 338

    $default  reduce using rule 242 (numattr)


State 409

  243 numattr: RESERVE_LEGACY EQUAL expression .
  318 expression: expression . OR xor_expression

    OR  shift, and go to state 338

    $default  reduce using rule 243 (numattr)


State 410

  244 numattr: RESERVE EQUAL expression .
  318 expression: expression . OR xor_expression

    OR  shift, and go to state 338

    $default  reduce using rule 244 (numattr)


State 411

  245 numattr: LOAD EQUAL expression .
  318 expression: expression . OR xor_expression

    OR  shift, and go to state 338

    $default  reduce using rule 245 (numattr)


State 412

  246 numattr: STARTUP EQUAL expression .
  318 expression: expression . OR xor_expression

    OR  shift, and go to state 338

    $default  reduce using rule 246 (numattr)


State 413

  198 optattr: SPK_ID EQUAL expression .
  318 expression: expression . OR xor_expression

    OR  shift, and go to state 338

    $default  reduce using rule 198 (optattr)


State 414

  277 spkselect: SPKSELECT .

    $default  reduce using rule 277 (spkselect)


State 415

  197 optattr: SPK_SELECT EQUAL spkselect .

    $default  reduce using rule 197 (optattr)


State 416

  203 optattr: REVOKE_ID EQUAL expression .
  318 expression: expression . OR xor_expression

    OR  shift, and go to state 338

    $default  reduce using rule 203 (optattr)


State 417

  204 optattr: SPK_REVOKE_ID EQUAL expression .
  318 expression: expression . OR xor_expression

    OR  shift, and go to state 338

    $default  reduce using rule 204 (optattr)


State 418

  156 blocksattr_list: BLOCKS EQUAL blocksattr .

    $default  reduce using rule 156 (blocksattr_list)


State 419

  158 blocksattr: blockattr .
  159           | blockattr . SEMICOLON blocksattr

    SEMICOLON  shift, and go to state 522

    $default  reduce using rule 158 (blocksattr)


State 420

  182 blockattr: expression .
  183          | expression . LPAREN expression RPAREN
  184          | expression . LPAREN ASTERISK RPAREN
  318 expression: expression . OR xor_expression

    OR      shift, and go to state 338
    LPAREN  shift, and go to state 523

    $default  reduce using rule 182 (blockattr)


State 421

  157 blocksattr_list: AUTHBLOCKS EQUAL authblockattr .

    $default  reduce using rule 157 (blocksattr_list)


State 422

  163 authblockattr: expression .
  318 expression: expression . OR xor_expression

    OR  shift, and go to state 338

    $default  reduce using rule 163 (authblockattr)


State 423

  253 fileattr: PRESIGN EQUAL filename .

    $default  reduce using rule 253 (fileattr)


State 424

  254 fileattr: AC EQUAL filename .

    $default  reduce using rule 254 (fileattr)


State 425

  148 new_attribute: BIF_SECTION EQUAL WORD .

    $default  reduce using rule 148 (new_attribute)


State 426

  255 fileattr: UDF_DATA EQUAL filename .

    $default  reduce using rule 255 (fileattr)


State 427

  206 optattr: SLR_NUM EQUAL expression .
  318 expression: expression . OR xor_expression

    OR  shift, and go to state 338

    $default  reduce using rule 206 (optattr)


State 428

  207 optattr: CLUSTER_NUM EQUAL expression .
  318 expression: expression . OR xor_expression

    OR  shift, and go to state 338

    $default  reduce using rule 207 (optattr)


State 429

  145 new_attribute: IMAGE_STORE EQUAL expression .
  318 expression: expression . OR xor_expression

    OR  shift, and go to state 338

    $default  reduce using rule 145 (new_attribute)


State 430

  144 new_attribute: ID EQUAL expression .
  318 expression: expression . OR xor_expression

    OR  shift, and go to state 338

    $default  reduce using rule 144 (new_attribute)


State 431

  143 new_attribute: PFILE EQUAL filename .

    $default  reduce using rule 143 (new_attribute)


State 432

  250 numattr: TCM_A_REGION EQUAL expression .
  318 expression: expression . OR xor_expression

    OR  shift, and go to state 338

    $default  reduce using rule 250 (numattr)


State 433

  251 numattr: TCM_B_REGION EQUAL expression .
  318 expression: expression . OR xor_expression

    OR  shift, and go to state 338

    $default  reduce using rule 251 (numattr)


State 434

  252 numattr: TCM_C_REGION EQUAL expression .
  318 expression: expression . OR xor_expression

    OR  shift, and go to state 338

    $default  reduce using rule 252 (numattr)


State 435

  202 optattr: KEYSRC_ENCRYPTION EQUAL key_src .

    $default  reduce using rule 202 (optattr)


State 436

  192 optattr: AES_KEY_FILE EQUAL filename .

    $default  reduce using rule 192 (optattr)


State 437

  193 optattr: PPK_FILE EQUAL filename .

    $default  reduce using rule 193 (optattr)


State 438

  194 optattr: PSK_FILE EQUAL filename .

    $default  reduce using rule 194 (optattr)


State 439

  195 optattr: SPK_FILE EQUAL filename .

    $default  reduce using rule 195 (optattr)


State 440

  196 optattr: SSK_FILE EQUAL filename .

    $default  reduce using rule 196 (optattr)


State 441

  199 optattr: SPK_SIGNATURE_FILE EQUAL filename .

    $default  reduce using rule 199 (optattr)


State 442

  139 new_attribute_list: new_attribute COMMA new_attribute_list .

    $default  reduce using rule 139 (new_attribute_list)


State 443

  140 new_attribute_list: attribute COMMA new_attribute_list .

    $default  reduce using rule 140 (new_attribute_list)


State 444

  161 bootvectors_list: bootvector COMMA . bootvectors_list

    DECVALUE  shift, and go to state 193
    HEXVALUE  shift, and go to state 194
    PLUS      shift, and go to state 195
    NEGATION  shift, and go to state 196
    LPAREN    shift, and go to state 197

    bootvectors_list           go to state 524
    bootvector                 go to state 308
    number                     go to state 198
    unary_expression           go to state 199
    multiplicative_expression  go to state 200
    additive_expression        go to state 201
    shift_expression           go to state 202
    and_expression             go to state 203
    xor_expression             go to state 204
    expression                 go to state 309


State 445

   87 other_spec: OBRACKET FSBL_CONFIG $@5 EBRACKET fsbl_attr_list .

    $default  reduce using rule 87 (other_spec)


State 446

  272 auth_parameters: PPK_SELECT EQUAL . expression

    DECVALUE  shift, and go to state 193
    HEXVALUE  shift, and go to state 194
    PLUS      shift, and go to state 195
    NEGATION  shift, and go to state 196
    LPAREN    shift, and go to state 197

    number                     go to state 198
    unary_expression           go to state 199
    multiplicative_expression  go to state 200
    additive_expression        go to state 201
    shift_expression           go to state 202
    and_expression             go to state 203
    xor_expression             go to state 204
    expression                 go to state 525


State 447

  274 auth_parameters: SPK_ID EQUAL . expression

    DECVALUE  shift, and go to state 193
    HEXVALUE  shift, and go to state 194
    PLUS      shift, and go to state 195
    NEGATION  shift, and go to state 196
    LPAREN    shift, and go to state 197

    number                     go to state 198
    unary_expression           go to state 199
    multiplicative_expression  go to state 200
    additive_expression        go to state 201
    shift_expression           go to state 202
    and_expression             go to state 203
    xor_expression             go to state 204
    expression                 go to state 526


State 448

  273 auth_parameters: SPK_SELECT EQUAL . spkselect

    SPKSELECT  shift, and go to state 414

    spkselect  go to state 527


State 449

  276 auth_parameters: auth_parameters SEMICOLON . auth_parameters

    PPK_SELECT   shift, and go to state 312
    SPK_ID       shift, and go to state 313
    SPK_SELECT   shift, and go to state 314
    HEADER_AUTH  shift, and go to state 315

    auth_parameters  go to state 528


State 450

  289 split_options: SPLIT_MODE EQUAL . splitmode

    SPLITMODE  shift, and go to state 529

    splitmode  go to state 530


State 451

  290 split_options: SPLIT_FMT EQUAL . splitfmt

    MCS  shift, and go to state 531
    BIN  shift, and go to state 532

    splitfmt  go to state 533


State 452

  291 split_options: split_options COMMA . split_options

    SPLIT_MODE  shift, and go to state 317
    SPLIT_FMT   shift, and go to state 318

    split_options  go to state 534


State 453

  201 optattr: PARTITION_TYPE EQUAL ptypevalue .

    $default  reduce using rule 201 (optattr)


State 454

  133 file_spec: OBRACKET $@6 attribute_list EBRACKET filename .

    $default  reduce using rule 133 (file_spec)


State 455

  150 attribute_list: attribute COMMA attribute_list .

    $default  reduce using rule 150 (attribute_list)


State 456

  104 sec_boot_attr: ADDRESS EQUAL expression .
  318 expression: expression . OR xor_expression

    OR  shift, and go to state 338

    $default  reduce using rule 104 (sec_boot_attr)


State 457

  101 sec_boot_attr_list: sec_boot_attr COMMA sec_boot_attr_list .

    $default  reduce using rule 101 (sec_boot_attr_list)


State 458

  299 number: LPAREN expression RPAREN .

    $default  reduce using rule 299 (number)


State 459

  304 multiplicative_expression: multiplicative_expression MULT unary_expression .

    $default  reduce using rule 304 (multiplicative_expression)


State 460

  305 multiplicative_expression: multiplicative_expression DIVIDE unary_expression .

    $default  reduce using rule 305 (multiplicative_expression)


State 461

  306 multiplicative_expression: multiplicative_expression MODULO unary_expression .

    $default  reduce using rule 306 (multiplicative_expression)


State 462

  304 multiplicative_expression: multiplicative_expression . MULT unary_expression
  305                          | multiplicative_expression . DIVIDE unary_expression
  306                          | multiplicative_expression . MODULO unary_expression
  308 additive_expression: additive_expression PLUS multiplicative_expression .

    MULT    shift, and go to state 329
    DIVIDE  shift, and go to state 330
    MODULO  shift, and go to state 331

    $default  reduce using rule 308 (additive_expression)


State 463

  304 multiplicative_expression: multiplicative_expression . MULT unary_expression
  305                          | multiplicative_expression . DIVIDE unary_expression
  306                          | multiplicative_expression . MODULO unary_expression
  309 additive_expression: additive_expression MINUS multiplicative_expression .

    MULT    shift, and go to state 329
    DIVIDE  shift, and go to state 330
    MODULO  shift, and go to state 331

    $default  reduce using rule 309 (additive_expression)


State 464

  308 additive_expression: additive_expression . PLUS multiplicative_expression
  309                    | additive_expression . MINUS multiplicative_expression
  311 shift_expression: shift_expression LSHIFT additive_expression .

    PLUS   shift, and go to state 332
    MINUS  shift, and go to state 333

    $default  reduce using rule 311 (shift_expression)


State 465

  308 additive_expression: additive_expression . PLUS multiplicative_expression
  309                    | additive_expression . MINUS multiplicative_expression
  312 shift_expression: shift_expression RSHIFT additive_expression .

    PLUS   shift, and go to state 332
    MINUS  shift, and go to state 333

    $default  reduce using rule 312 (shift_expression)


State 466

  311 shift_expression: shift_expression . LSHIFT additive_expression
  312                 | shift_expression . RSHIFT additive_expression
  314 and_expression: and_expression AND shift_expression .

    LSHIFT  shift, and go to state 334
    RSHIFT  shift, and go to state 335

    $default  reduce using rule 314 (and_expression)


State 467

  314 and_expression: and_expression . AND shift_expression
  316 xor_expression: xor_expression XOR and_expression .

    AND  shift, and go to state 336

    $default  reduce using rule 316 (xor_expression)


State 468

  316 xor_expression: xor_expression . XOR and_expression
  318 expression: expression OR xor_expression .

    XOR  shift, and go to state 337

    $default  reduce using rule 318 (expression)


State 469

   60 image_list: IMAGE OBRACE $@4 image_content EBRACE .

    $default  reduce using rule 60 (image_list)


State 470

   74 image_attributes: PARTITION_TYPE . EQUAL ptypevalue

    EQUAL  shift, and go to state 535


State 471

   78 image_attributes: PCR_NUMBER . EQUAL expression

    EQUAL  shift, and go to state 536


State 472

   79 image_attributes: PCR_MEASUREMENT_INDEX . EQUAL expression

    EQUAL  shift, and go to state 537


State 473

   75 image_attributes: UNIQUE_ID . EQUAL expression

    EQUAL  shift, and go to state 538


State 474

   76 image_attributes: PARENT_UNIQUE_ID . EQUAL expression

    EQUAL  shift, and go to state 539


State 475

   77 image_attributes: FUNCTION_ID . EQUAL expression

    EQUAL  shift, and go to state 540


State 476

   68 image_attributes: ID . EQUAL expression

    EQUAL  shift, and go to state 541


State 477

   69 image_attributes: NAME . EQUAL WORD

    EQUAL  shift, and go to state 542


State 478

   70 image_attributes: DELAY_HANDOFF .

    $default  reduce using rule 70 (image_attributes)


State 479

   71 image_attributes: DELAY_LOAD .

    $default  reduce using rule 71 (image_attributes)


State 480

   73 image_attributes: COPY . EQUAL expression

    EQUAL  shift, and go to state 543


State 481

   72 image_attributes: INIT .

    $default  reduce using rule 72 (image_attributes)


State 482

   62 image_content: image_content image_attributes_list .

    $default  reduce using rule 62 (image_content)


State 483

   65 image_attributes_list: image_attributes .
   66                      | image_attributes . COMMA image_attributes_list
   67                      | image_attributes . image_attributes_list

    COMMA                  shift, and go to state 544
    PARTITION_TYPE         shift, and go to state 470
    PCR_NUMBER             shift, and go to state 471
    PCR_MEASUREMENT_INDEX  shift, and go to state 472
    UNIQUE_ID              shift, and go to state 473
    PARENT_UNIQUE_ID       shift, and go to state 474
    FUNCTION_ID            shift, and go to state 475
    ID                     shift, and go to state 476
    NAME                   shift, and go to state 477
    DELAY_HANDOFF          shift, and go to state 478
    DELAY_LOAD             shift, and go to state 479
    COPY                   shift, and go to state 480
    INIT                   shift, and go to state 481

    PARTITION_TYPE         [reduce using rule 65 (image_attributes_list)]
    PCR_NUMBER             [reduce using rule 65 (image_attributes_list)]
    PCR_MEASUREMENT_INDEX  [reduce using rule 65 (image_attributes_list)]
    UNIQUE_ID              [reduce using rule 65 (image_attributes_list)]
    PARENT_UNIQUE_ID       [reduce using rule 65 (image_attributes_list)]
    FUNCTION_ID            [reduce using rule 65 (image_attributes_list)]
    ID                     [reduce using rule 65 (image_attributes_list)]
    NAME                   [reduce using rule 65 (image_attributes_list)]
    DELAY_HANDOFF          [reduce using rule 65 (image_attributes_list)]
    DELAY_LOAD             [reduce using rule 65 (image_attributes_list)]
    COPY                   [reduce using rule 65 (image_attributes_list)]
    INIT                   [reduce using rule 65 (image_attributes_list)]
    $default               reduce using rule 65 (image_attributes_list)

    image_attributes_list  go to state 545
    image_attributes       go to state 483


State 484

   64 image_content: image_content partition_spec .

    $default  reduce using rule 64 (image_content)


State 485

   63 image_content: image_content file_spec .

    $default  reduce using rule 63 (image_content)


State 486

   41 optional_data: optional_data_attr SEMICOLON optional_data .

    $default  reduce using rule 41 (optional_data)


State 487

   42 optional_data_attr: filename COMMA ID . EQUAL expression

    EQUAL  shift, and go to state 546


State 488

   27 metahdr_attr: AUTHENTICATION EQUAL . authvalue

    NONE       shift, and go to state 385
    AUTHVALUE  shift, and go to state 386

    authvalue  go to state 547


State 489

   24 metahdr_attr: ENCRYPTION EQUAL . encrvalue

    NONE       shift, and go to state 388
    ENCRVALUE  shift, and go to state 389

    encrvalue  go to state 548


State 490

   36 metahdr_attr: CHECKSUM EQUAL . checkvalue

    NONE           shift, and go to state 391
    CHECKSUMVALUE  shift, and go to state 392

    checkvalue  go to state 549


State 491

   34 metahdr_attr: REVOKE_ID EQUAL . expression

    DECVALUE  shift, and go to state 193
    HEXVALUE  shift, and go to state 194
    PLUS      shift, and go to state 195
    NEGATION  shift, and go to state 196
    LPAREN    shift, and go to state 197

    number                     go to state 198
    unary_expression           go to state 199
    multiplicative_expression  go to state 200
    additive_expression        go to state 201
    shift_expression           go to state 202
    and_expression             go to state 203
    xor_expression             go to state 204
    expression                 go to state 550


State 492

   35 metahdr_attr: SPK_REVOKE_ID EQUAL . expression

    DECVALUE  shift, and go to state 193
    HEXVALUE  shift, and go to state 194
    PLUS      shift, and go to state 195
    NEGATION  shift, and go to state 196
    LPAREN    shift, and go to state 197

    number                     go to state 198
    unary_expression           go to state 199
    multiplicative_expression  go to state 200
    additive_expression        go to state 201
    shift_expression           go to state 202
    and_expression             go to state 203
    xor_expression             go to state 204
    expression                 go to state 551


State 493

   38 metahdr_attr: BLOCKS EQUAL . metahdr_blk

    DECVALUE  shift, and go to state 193
    HEXVALUE  shift, and go to state 194
    PLUS      shift, and go to state 195
    NEGATION  shift, and go to state 196
    LPAREN    shift, and go to state 197

    metahdr_blk                go to state 552
    metahdr_blk_attr           go to state 553
    number                     go to state 198
    unary_expression           go to state 199
    multiplicative_expression  go to state 200
    additive_expression        go to state 201
    shift_expression           go to state 202
    and_expression             go to state 203
    xor_expression             go to state 204
    expression                 go to state 554


State 494

   33 metahdr_attr: PRESIGN EQUAL . filename

    FILENAME   shift, and go to state 10
    QFILENAME  shift, and go to state 11

    filename  go to state 555


State 495

   25 metahdr_attr: KEYSRC_ENCRYPTION EQUAL . key_src

    KEY_SRC  shift, and go to state 215

    key_src  go to state 556


State 496

   26 metahdr_attr: AES_KEY_FILE EQUAL . filename

    FILENAME   shift, and go to state 10
    QFILENAME  shift, and go to state 11

    filename  go to state 557


State 497

   28 metahdr_attr: PPK_FILE EQUAL . filename

    FILENAME   shift, and go to state 10
    QFILENAME  shift, and go to state 11

    filename  go to state 558


State 498

   29 metahdr_attr: PSK_FILE EQUAL . filename

    FILENAME   shift, and go to state 10
    QFILENAME  shift, and go to state 11

    filename  go to state 559


State 499

   30 metahdr_attr: SPK_FILE EQUAL . filename

    FILENAME   shift, and go to state 10
    QFILENAME  shift, and go to state 11

    filename  go to state 560


State 500

   31 metahdr_attr: SSK_FILE EQUAL . filename

    FILENAME   shift, and go to state 10
    QFILENAME  shift, and go to state 11

    filename  go to state 561


State 501

   32 metahdr_attr: SPK_SIGNATURE_FILE EQUAL . filename

    FILENAME   shift, and go to state 10
    QFILENAME  shift, and go to state 11

    filename  go to state 562


State 502

   19 metahdr_spec: METAHEADER OBRACE $@3 metahdr_attr_list EBRACE .

    $default  reduce using rule 19 (metahdr_spec)


State 503

   21 metahdr_attr_list: metahdr_attr COMMA . metahdr_attr_list

    AUTHENTICATION      shift, and go to state 343
    ENCRYPTION          shift, and go to state 344
    CHECKSUM            shift, and go to state 345
    REVOKE_ID           shift, and go to state 346
    SPK_REVOKE_ID       shift, and go to state 347
    BLOCKS              shift, and go to state 348
    PRESIGN             shift, and go to state 349
    KEYSRC_ENCRYPTION   shift, and go to state 350
    AES_KEY_FILE        shift, and go to state 351
    PPK_FILE            shift, and go to state 352
    PSK_FILE            shift, and go to state 353
    SPK_FILE            shift, and go to state 354
    SSK_FILE            shift, and go to state 355
    SPK_SIGNATURE_FILE  shift, and go to state 356
    PUFHD_LOC           shift, and go to state 357
    DPA_CM              shift, and go to state 358

    AUTHENTICATION      [reduce using rule 23 (metahdr_attr)]
    ENCRYPTION          [reduce using rule 23 (metahdr_attr)]
    CHECKSUM            [reduce using rule 23 (metahdr_attr)]
    REVOKE_ID           [reduce using rule 23 (metahdr_attr)]
    SPK_REVOKE_ID       [reduce using rule 23 (metahdr_attr)]
    BLOCKS              [reduce using rule 23 (metahdr_attr)]
    PRESIGN             [reduce using rule 23 (metahdr_attr)]
    KEYSRC_ENCRYPTION   [reduce using rule 23 (metahdr_attr)]
    AES_KEY_FILE        [reduce using rule 23 (metahdr_attr)]
    PPK_FILE            [reduce using rule 23 (metahdr_attr)]
    PSK_FILE            [reduce using rule 23 (metahdr_attr)]
    SPK_FILE            [reduce using rule 23 (metahdr_attr)]
    SSK_FILE            [reduce using rule 23 (metahdr_attr)]
    SPK_SIGNATURE_FILE  [reduce using rule 23 (metahdr_attr)]
    PUFHD_LOC           [reduce using rule 23 (metahdr_attr)]
    DPA_CM              [reduce using rule 23 (metahdr_attr)]
    $default            reduce using rule 23 (metahdr_attr)

    metahdr_attr_list  go to state 563
    metahdr_attr       go to state 360


State 504

   22 metahdr_attr_list: metahdr_attr metahdr_attr_list .

    $default  reduce using rule 22 (metahdr_attr_list)


State 505

  130 fsbl_attr: PUFROSWAP EQUAL expression .
  318 expression: expression . OR xor_expression

    OR  shift, and go to state 338

    $default  reduce using rule 130 (fsbl_attr)


State 506

  124 fsbl_attr: SHUTTER EQUAL expression .
  318 expression: expression . OR xor_expression

    OR  shift, and go to state 338

    $default  reduce using rule 124 (fsbl_attr)


State 507

  126 fsbl_attr: SMAP_WIDTH EQUAL expression .
  318 expression: expression . OR xor_expression

    OR  shift, and go to state 338

    $default  reduce using rule 126 (fsbl_attr)


State 508

  106 fsbl_attr_list: fsbl_attr COMMA fsbl_attr_list .

    $default  reduce using rule 106 (fsbl_attr_list)


State 509

  111 authjtag_attr: REVOKE_ID EQUAL expression .
  318 expression: expression . OR xor_expression

    OR  shift, and go to state 338

    $default  reduce using rule 111 (authjtag_attr)


State 510

  112 authjtag_attr: SPK_REVOKE_ID EQUAL expression .
  318 expression: expression . OR xor_expression

    OR  shift, and go to state 338

    $default  reduce using rule 112 (authjtag_attr)


State 511

  113 authjtag_attr: DEVICE_DNA EQUAL HEXWORD .

    $default  reduce using rule 113 (authjtag_attr)


State 512

  114 authjtag_attr: JTAG_TIMEOUT EQUAL expression .
  318 expression: expression . OR xor_expression

    OR  shift, and go to state 338

    $default  reduce using rule 114 (authjtag_attr)


State 513

  115 authjtag_attr: AUTHJTAG_SIGN EQUAL filename .

    $default  reduce using rule 115 (authjtag_attr)


State 514

  109 authjtag_attr_list: authjtag_attr COMMA authjtag_attr_list .

    $default  reduce using rule 109 (authjtag_attr_list)


State 515

  283 hashfunc: HASH_FUNCTION .

    $default  reduce using rule 283 (hashfunc)


State 516

  280 lms_params_attr: LMS_HASH EQUAL hashfunc .

    $default  reduce using rule 280 (lms_params_attr)


State 517

  282 lms_params_attr: LMS_H EQUAL expression .
  318 expression: expression . OR xor_expression

    OR  shift, and go to state 338

    $default  reduce using rule 282 (lms_params_attr)


State 518

  281 lms_params_attr: LMS_W EQUAL expression .
  318 expression: expression . OR xor_expression

    OR  shift, and go to state 338

    $default  reduce using rule 281 (lms_params_attr)


State 519

  287 lms_params_string_type_list: AUTH_KEY_LEVEL OBRACE $@8 . lms_params_string_list EBRACE

    WORD  shift, and go to state 250

    lms_params_string_list  go to state 564


State 520

  279 lms_params_list: lms_params_attr SEMICOLON lms_params_attr .

    $default  reduce using rule 279 (lms_params_list)


State 521

  285 lms_params_string_list: lms_params_string_list . COMMA lms_params_string_list
  285                       | lms_params_string_list COMMA lms_params_string_list .

    COMMA  shift, and go to state 382

    COMMA     [reduce using rule 285 (lms_params_string_list)]
    $default  reduce using rule 285 (lms_params_string_list)


State 522

  159 blocksattr: blockattr SEMICOLON . blocksattr

    DECVALUE  shift, and go to state 193
    HEXVALUE  shift, and go to state 194
    PLUS      shift, and go to state 195
    NEGATION  shift, and go to state 196
    LPAREN    shift, and go to state 197

    blocksattr                 go to state 565
    blockattr                  go to state 419
    number                     go to state 198
    unary_expression           go to state 199
    multiplicative_expression  go to state 200
    additive_expression        go to state 201
    shift_expression           go to state 202
    and_expression             go to state 203
    xor_expression             go to state 204
    expression                 go to state 420


State 523

  183 blockattr: expression LPAREN . expression RPAREN
  184          | expression LPAREN . ASTERISK RPAREN

    DECVALUE  shift, and go to state 193
    HEXVALUE  shift, and go to state 194
    PLUS      shift, and go to state 195
    NEGATION  shift, and go to state 196
    LPAREN    shift, and go to state 197
    ASTERISK  shift, and go to state 566

    number                     go to state 198
    unary_expression           go to state 199
    multiplicative_expression  go to state 200
    additive_expression        go to state 201
    shift_expression           go to state 202
    and_expression             go to state 203
    xor_expression             go to state 204
    expression                 go to state 567


State 524

  161 bootvectors_list: bootvector COMMA bootvectors_list .

    $default  reduce using rule 161 (bootvectors_list)


State 525

  272 auth_parameters: PPK_SELECT EQUAL expression .
  318 expression: expression . OR xor_expression

    OR  shift, and go to state 338

    $default  reduce using rule 272 (auth_parameters)


State 526

  274 auth_parameters: SPK_ID EQUAL expression .
  318 expression: expression . OR xor_expression

    OR  shift, and go to state 338

    $default  reduce using rule 274 (auth_parameters)


State 527

  273 auth_parameters: SPK_SELECT EQUAL spkselect .

    $default  reduce using rule 273 (auth_parameters)


State 528

  276 auth_parameters: auth_parameters . SEMICOLON auth_parameters
  276                | auth_parameters SEMICOLON auth_parameters .

    SEMICOLON  shift, and go to state 449

    SEMICOLON  [reduce using rule 276 (auth_parameters)]
    $default   reduce using rule 276 (auth_parameters)


State 529

  292 splitmode: SPLITMODE .

    $default  reduce using rule 292 (splitmode)


State 530

  289 split_options: SPLIT_MODE EQUAL splitmode .

    $default  reduce using rule 289 (split_options)


State 531

  293 splitfmt: MCS .

    $default  reduce using rule 293 (splitfmt)


State 532

  294 splitfmt: BIN .

    $default  reduce using rule 294 (splitfmt)


State 533

  290 split_options: SPLIT_FMT EQUAL splitfmt .

    $default  reduce using rule 290 (split_options)


State 534

  291 split_options: split_options . COMMA split_options
  291              | split_options COMMA split_options .

    COMMA  shift, and go to state 452

    COMMA     [reduce using rule 291 (split_options)]
    $default  reduce using rule 291 (split_options)


State 535

   74 image_attributes: PARTITION_TYPE EQUAL . ptypevalue

    PTYPEVALUE  shift, and go to state 161

    ptypevalue  go to state 568


State 536

   78 image_attributes: PCR_NUMBER EQUAL . expression

    DECVALUE  shift, and go to state 193
    HEXVALUE  shift, and go to state 194
    PLUS      shift, and go to state 195
    NEGATION  shift, and go to state 196
    LPAREN    shift, and go to state 197

    number                     go to state 198
    unary_expression           go to state 199
    multiplicative_expression  go to state 200
    additive_expression        go to state 201
    shift_expression           go to state 202
    and_expression             go to state 203
    xor_expression             go to state 204
    expression                 go to state 569


State 537

   79 image_attributes: PCR_MEASUREMENT_INDEX EQUAL . expression

    DECVALUE  shift, and go to state 193
    HEXVALUE  shift, and go to state 194
    PLUS      shift, and go to state 195
    NEGATION  shift, and go to state 196
    LPAREN    shift, and go to state 197

    number                     go to state 198
    unary_expression           go to state 199
    multiplicative_expression  go to state 200
    additive_expression        go to state 201
    shift_expression           go to state 202
    and_expression             go to state 203
    xor_expression             go to state 204
    expression                 go to state 570


State 538

   75 image_attributes: UNIQUE_ID EQUAL . expression

    DECVALUE  shift, and go to state 193
    HEXVALUE  shift, and go to state 194
    PLUS      shift, and go to state 195
    NEGATION  shift, and go to state 196
    LPAREN    shift, and go to state 197

    number                     go to state 198
    unary_expression           go to state 199
    multiplicative_expression  go to state 200
    additive_expression        go to state 201
    shift_expression           go to state 202
    and_expression             go to state 203
    xor_expression             go to state 204
    expression                 go to state 571


State 539

   76 image_attributes: PARENT_UNIQUE_ID EQUAL . expression

    DECVALUE  shift, and go to state 193
    HEXVALUE  shift, and go to state 194
    PLUS      shift, and go to state 195
    NEGATION  shift, and go to state 196
    LPAREN    shift, and go to state 197

    number                     go to state 198
    unary_expression           go to state 199
    multiplicative_expression  go to state 200
    additive_expression        go to state 201
    shift_expression           go to state 202
    and_expression             go to state 203
    xor_expression             go to state 204
    expression                 go to state 572


State 540

   77 image_attributes: FUNCTION_ID EQUAL . expression

    DECVALUE  shift, and go to state 193
    HEXVALUE  shift, and go to state 194
    PLUS      shift, and go to state 195
    NEGATION  shift, and go to state 196
    LPAREN    shift, and go to state 197

    number                     go to state 198
    unary_expression           go to state 199
    multiplicative_expression  go to state 200
    additive_expression        go to state 201
    shift_expression           go to state 202
    and_expression             go to state 203
    xor_expression             go to state 204
    expression                 go to state 573


State 541

   68 image_attributes: ID EQUAL . expression

    DECVALUE  shift, and go to state 193
    HEXVALUE  shift, and go to state 194
    PLUS      shift, and go to state 195
    NEGATION  shift, and go to state 196
    LPAREN    shift, and go to state 197

    number                     go to state 198
    unary_expression           go to state 199
    multiplicative_expression  go to state 200
    additive_expression        go to state 201
    shift_expression           go to state 202
    and_expression             go to state 203
    xor_expression             go to state 204
    expression                 go to state 574


State 542

   69 image_attributes: NAME EQUAL . WORD

    WORD  shift, and go to state 575


State 543

   73 image_attributes: COPY EQUAL . expression

    DECVALUE  shift, and go to state 193
    HEXVALUE  shift, and go to state 194
    PLUS      shift, and go to state 195
    NEGATION  shift, and go to state 196
    LPAREN    shift, and go to state 197

    number                     go to state 198
    unary_expression           go to state 199
    multiplicative_expression  go to state 200
    additive_expression        go to state 201
    shift_expression           go to state 202
    and_expression             go to state 203
    xor_expression             go to state 204
    expression                 go to state 576


State 544

   66 image_attributes_list: image_attributes COMMA . image_attributes_list

    PARTITION_TYPE         shift, and go to state 470
    PCR_NUMBER             shift, and go to state 471
    PCR_MEASUREMENT_INDEX  shift, and go to state 472
    UNIQUE_ID              shift, and go to state 473
    PARENT_UNIQUE_ID       shift, and go to state 474
    FUNCTION_ID            shift, and go to state 475
    ID                     shift, and go to state 476
    NAME                   shift, and go to state 477
    DELAY_HANDOFF          shift, and go to state 478
    DELAY_LOAD             shift, and go to state 479
    COPY                   shift, and go to state 480
    INIT                   shift, and go to state 481

    image_attributes_list  go to state 577
    image_attributes       go to state 483


State 545

   67 image_attributes_list: image_attributes image_attributes_list .

    $default  reduce using rule 67 (image_attributes_list)


State 546

   42 optional_data_attr: filename COMMA ID EQUAL . expression

    DECVALUE  shift, and go to state 193
    HEXVALUE  shift, and go to state 194
    PLUS      shift, and go to state 195
    NEGATION  shift, and go to state 196
    LPAREN    shift, and go to state 197

    number                     go to state 198
    unary_expression           go to state 199
    multiplicative_expression  go to state 200
    additive_expression        go to state 201
    shift_expression           go to state 202
    and_expression             go to state 203
    xor_expression             go to state 204
    expression                 go to state 578


State 547

   27 metahdr_attr: AUTHENTICATION EQUAL authvalue .

    $default  reduce using rule 27 (metahdr_attr)


State 548

   24 metahdr_attr: ENCRYPTION EQUAL encrvalue .

    $default  reduce using rule 24 (metahdr_attr)


State 549

   36 metahdr_attr: CHECKSUM EQUAL checkvalue .

    $default  reduce using rule 36 (metahdr_attr)


State 550

   34 metahdr_attr: REVOKE_ID EQUAL expression .
  318 expression: expression . OR xor_expression

    OR  shift, and go to state 338

    $default  reduce using rule 34 (metahdr_attr)


State 551

   35 metahdr_attr: SPK_REVOKE_ID EQUAL expression .
  318 expression: expression . OR xor_expression

    OR  shift, and go to state 338

    $default  reduce using rule 35 (metahdr_attr)


State 552

   38 metahdr_attr: BLOCKS EQUAL metahdr_blk .

    $default  reduce using rule 38 (metahdr_attr)


State 553

   44 metahdr_blk: metahdr_blk_attr .
   45            | metahdr_blk_attr . SEMICOLON metahdr_blk

    SEMICOLON  shift, and go to state 579

    $default  reduce using rule 44 (metahdr_blk)


State 554

   46 metahdr_blk_attr: expression .
   47                 | expression . LPAREN expression RPAREN
   48                 | expression . LPAREN ASTERISK RPAREN
  318 expression: expression . OR xor_expression

    OR      shift, and go to state 338
    LPAREN  shift, and go to state 580

    $default  reduce using rule 46 (metahdr_blk_attr)


State 555

   33 metahdr_attr: PRESIGN EQUAL filename .

    $default  reduce using rule 33 (metahdr_attr)


State 556

   25 metahdr_attr: KEYSRC_ENCRYPTION EQUAL key_src .

    $default  reduce using rule 25 (metahdr_attr)


State 557

   26 metahdr_attr: AES_KEY_FILE EQUAL filename .

    $default  reduce using rule 26 (metahdr_attr)


State 558

   28 metahdr_attr: PPK_FILE EQUAL filename .

    $default  reduce using rule 28 (metahdr_attr)


State 559

   29 metahdr_attr: PSK_FILE EQUAL filename .

    $default  reduce using rule 29 (metahdr_attr)


State 560

   30 metahdr_attr: SPK_FILE EQUAL filename .

    $default  reduce using rule 30 (metahdr_attr)


State 561

   31 metahdr_attr: SSK_FILE EQUAL filename .

    $default  reduce using rule 31 (metahdr_attr)


State 562

   32 metahdr_attr: SPK_SIGNATURE_FILE EQUAL filename .

    $default  reduce using rule 32 (metahdr_attr)


State 563

   21 metahdr_attr_list: metahdr_attr COMMA metahdr_attr_list .

    $default  reduce using rule 21 (metahdr_attr_list)


State 564

  285 lms_params_string_list: lms_params_string_list . COMMA lms_params_string_list
  287 lms_params_string_type_list: AUTH_KEY_LEVEL OBRACE $@8 lms_params_string_list . EBRACE

    EBRACE  shift, and go to state 581
    COMMA   shift, and go to state 382


State 565

  159 blocksattr: blockattr SEMICOLON blocksattr .

    $default  reduce using rule 159 (blocksattr)


State 566

  184 blockattr: expression LPAREN ASTERISK . RPAREN

    RPAREN  shift, and go to state 582


State 567

  183 blockattr: expression LPAREN expression . RPAREN
  318 expression: expression . OR xor_expression

    OR      shift, and go to state 338
    RPAREN  shift, and go to state 583


State 568

   74 image_attributes: PARTITION_TYPE EQUAL ptypevalue .

    $default  reduce using rule 74 (image_attributes)


State 569

   78 image_attributes: PCR_NUMBER EQUAL expression .
  318 expression: expression . OR xor_expression

    OR  shift, and go to state 338

    $default  reduce using rule 78 (image_attributes)


State 570

   79 image_attributes: PCR_MEASUREMENT_INDEX EQUAL expression .
  318 expression: expression . OR xor_expression

    OR  shift, and go to state 338

    $default  reduce using rule 79 (image_attributes)


State 571

   75 image_attributes: UNIQUE_ID EQUAL expression .
  318 expression: expression . OR xor_expression

    OR  shift, and go to state 338

    $default  reduce using rule 75 (image_attributes)


State 572

   76 image_attributes: PARENT_UNIQUE_ID EQUAL expression .
  318 expression: expression . OR xor_expression

    OR  shift, and go to state 338

    $default  reduce using rule 76 (image_attributes)


State 573

   77 image_attributes: FUNCTION_ID EQUAL expression .
  318 expression: expression . OR xor_expression

    OR  shift, and go to state 338

    $default  reduce using rule 77 (image_attributes)


State 574

   68 image_attributes: ID EQUAL expression .
  318 expression: expression . OR xor_expression

    OR  shift, and go to state 338

    $default  reduce using rule 68 (image_attributes)


State 575

   69 image_attributes: NAME EQUAL WORD .

    $default  reduce using rule 69 (image_attributes)


State 576

   73 image_attributes: COPY EQUAL expression .
  318 expression: expression . OR xor_expression

    OR  shift, and go to state 338

    $default  reduce using rule 73 (image_attributes)


State 577

   66 image_attributes_list: image_attributes COMMA image_attributes_list .

    $default  reduce using rule 66 (image_attributes_list)


State 578

   42 optional_data_attr: filename COMMA ID EQUAL expression .
  318 expression: expression . OR xor_expression

    OR  shift, and go to state 338

    $default  reduce using rule 42 (optional_data_attr)


State 579

   45 metahdr_blk: metahdr_blk_attr SEMICOLON . metahdr_blk

    DECVALUE  shift, and go to state 193
    HEXVALUE  shift, and go to state 194
    PLUS      shift, and go to state 195
    NEGATION  shift, and go to state 196
    LPAREN    shift, and go to state 197

    metahdr_blk                go to state 584
    metahdr_blk_attr           go to state 553
    number                     go to state 198
    unary_expression           go to state 199
    multiplicative_expression  go to state 200
    additive_expression        go to state 201
    shift_expression           go to state 202
    and_expression             go to state 203
    xor_expression             go to state 204
    expression                 go to state 554


State 580

   47 metahdr_blk_attr: expression LPAREN . expression RPAREN
   48                 | expression LPAREN . ASTERISK RPAREN

    DECVALUE  shift, and go to state 193
    HEXVALUE  shift, and go to state 194
    PLUS      shift, and go to state 195
    NEGATION  shift, and go to state 196
    LPAREN    shift, and go to state 197
    ASTERISK  shift, and go to state 585

    number                     go to state 198
    unary_expression           go to state 199
    multiplicative_expression  go to state 200
    additive_expression        go to state 201
    shift_expression           go to state 202
    and_expression             go to state 203
    xor_expression             go to state 204
    expression                 go to state 586


State 581

  287 lms_params_string_type_list: AUTH_KEY_LEVEL OBRACE $@8 lms_params_string_list EBRACE .

    $default  reduce using rule 287 (lms_params_string_type_list)


State 582

  184 blockattr: expression LPAREN ASTERISK RPAREN .

    $default  reduce using rule 184 (blockattr)


State 583

  183 blockattr: expression LPAREN expression RPAREN .

    $default  reduce using rule 183 (blockattr)


State 584

   45 metahdr_blk: metahdr_blk_attr SEMICOLON metahdr_blk .

    $default  reduce using rule 45 (metahdr_blk)


State 585

   48 metahdr_blk_attr: expression LPAREN ASTERISK . RPAREN

    RPAREN  shift, and go to state 587


State 586

   47 metahdr_blk_attr: expression LPAREN expression . RPAREN
  318 expression: expression . OR xor_expression

    OR      shift, and go to state 338
    RPAREN  shift, and go to state 588


State 587

   48 metahdr_blk_attr: expression LPAREN ASTERISK RPAREN .

    $default  reduce using rule 48 (metahdr_blk_attr)


State 588

   47 metahdr_blk_attr: expression LPAREN expression RPAREN .

    $default  reduce using rule 47 (metahdr_blk_attr)
